date,etf,ticker,name,weight_pct,shares,market_value,source,fetched_at_utc
2026-07-08,SMH,ADI,"Analog Devices, Inc.",4.23,7709527.0,,"stockanalysis.com (백업 소스, 운용사 EOD 데이터 재게시)",2026-07-08T03:14:41+00:00
2026-07-08,SMH,ALAB,"Astera Labs, Inc.",1.19,2019050.0,,"stockanalysis.com (백업 소스, 운용사 EOD 데이터 재게시)",2026-07-08T03:14:41+00:00
2026-07-08,SMH,AMAT,"Applied Materials, Inc.",5.33,6077118.0,,"stockanalysis.com (백업 소스, 운용사 EOD 데이터 재게시)",2026-07-08T03:14:41+00:00
2026-07-08,SMH,AMD,"Advanced Micro Devices, Inc.",5.58,7418187.0,,"stockanalysis.com (백업 소스, 운용사 EOD 데이터 재게시)",2026-07-08T03:14:41+00:00
2026-07-08,SMH,ARM,Arm Holdings plc,1.15,2516244.0,,"stockanalysis.com (백업 소스, 운용사 EOD 데이터 재게시)",2026-07-08T03:14:41+00:00
2026-07-08,SMH,ASML,ASML Holding N.V.,4.99,1939606.0,,"stockanalysis.com (백업 소스, 운용사 EOD 데이터 재게시)",2026-07-08T03:14:41+00:00
2026-07-08,SMH,AVGO,Broadcom Inc.,5.61,10700777.0,,"stockanalysis.com (백업 소스, 운용사 EOD 데이터 재게시)",2026-07-08T03:14:41+00:00
2026-07-08,SMH,CDNS,"Cadence Design Systems, Inc.",2.38,4386021.0,,"stockanalysis.com (백업 소스, 운용사 EOD 데이터 재게시)",2026-07-08T03:14:41+00:00
2026-07-08,SMH,INTC,Intel Corporation,4.88,27912003.0,,"stockanalysis.com (백업 소스, 운용사 EOD 데이터 재게시)",2026-07-08T03:14:41+00:00
2026-07-08,SMH,KLAC,KLA Corporation,4.73,13802186.0,,"stockanalysis.com (백업 소스, 운용사 EOD 데이터 재게시)",2026-07-08T03:14:41+00:00
2026-07-08,SMH,LRCX,Lam Research Corporation,4.68,9159847.0,,"stockanalysis.com (백업 소스, 운용사 EOD 데이터 재게시)",2026-07-08T03:14:41+00:00
2026-07-08,SMH,MCHP,Microchip Technology Incorporated,0.93,7538747.0,,"stockanalysis.com (백업 소스, 운용사 EOD 데이터 재게시)",2026-07-08T03:14:41+00:00
2026-07-08,SMH,MPWR,"Monolithic Power Systems, Inc.",1.26,675162.0,,"stockanalysis.com (백업 소스, 운용사 EOD 데이터 재게시)",2026-07-08T03:14:41+00:00
2026-07-08,SMH,MRVL,"Marvell Technology, Inc.",4.27,11985054.0,,"stockanalysis.com (백업 소스, 운용사 EOD 데이터 재게시)",2026-07-08T03:14:41+00:00
2026-07-08,SMH,MU,"Micron Technology, Inc.",5.34,3762838.0,,"stockanalysis.com (백업 소스, 운용사 EOD 데이터 재게시)",2026-07-08T03:14:41+00:00
2026-07-08,SMH,NVDA,NVIDIA Corporation,19.01,67132346.0,,"stockanalysis.com (백업 소스, 운용사 EOD 데이터 재게시)",2026-07-08T03:14:41+00:00
2026-07-08,SMH,NXPI,NXP Semiconductors N.V.,1.24,3122625.0,,"stockanalysis.com (백업 소스, 운용사 EOD 데이터 재게시)",2026-07-08T03:14:41+00:00
2026-07-08,SMH,ON,ON Semiconductor Corporation,0.62,4682555.0,,"stockanalysis.com (백업 소스, 운용사 EOD 데이터 재게시)",2026-07-08T03:14:41+00:00
2026-07-08,SMH,QCOM,QUALCOMM Incorporated,3.97,15483836.0,,"stockanalysis.com (백업 소스, 운용사 EOD 데이터 재게시)",2026-07-08T03:14:41+00:00
2026-07-08,SMH,SNPS,"Synopsys, Inc.",1.95,3075477.0,,"stockanalysis.com (백업 소스, 운용사 EOD 데이터 재게시)",2026-07-08T03:14:41+00:00
2026-07-08,SMH,STM,STMicroelectronics N.V.,1.28,12881054.0,,"stockanalysis.com (백업 소스, 운용사 EOD 데이터 재게시)",2026-07-08T03:14:41+00:00
2026-07-08,SMH,SWKS,"Skyworks Solutions, Inc.",0.16,1797082.0,,"stockanalysis.com (백업 소스, 운용사 EOD 데이터 재게시)",2026-07-08T03:14:41+00:00
2026-07-08,SMH,TER,"Teradyne, Inc.",1.27,2366409.0,,"stockanalysis.com (백업 소스, 운용사 EOD 데이터 재게시)",2026-07-08T03:14:41+00:00
2026-07-08,SMH,TSM,Taiwan Semiconductor Manufacturing Company Limited,9.4,14889948.0,,"stockanalysis.com (백업 소스, 운용사 EOD 데이터 재게시)",2026-07-08T03:14:41+00:00
2026-07-08,SMH,TXN,Texas Instruments Incorporated,4.56,10710296.0,,"stockanalysis.com (백업 소스, 운용사 EOD 데이터 재게시)",2026-07-08T03:14:41+00:00
2026-07-08,SOXQ,ADI,"Analog Devices, Inc.",3.77,256973.0,,"stockanalysis.com (백업 소스, 운용사 EOD 데이터 재게시)",2026-07-08T03:14:41+00:00
2026-07-08,SOXQ,ALAB,"Astera Labs, Inc.",2.83,173324.0,,"stockanalysis.com (백업 소스, 운용사 EOD 데이터 재게시)",2026-07-08T03:14:41+00:00
2026-07-08,SOXQ,AMAT,"Applied Materials, Inc.",5.29,236293.0,,"stockanalysis.com (백업 소스, 운용사 EOD 데이터 재게시)",2026-07-08T03:14:41+00:00
2026-07-08,SOXQ,AMD,"Advanced Micro Devices, Inc.",4.29,206061.0,,"stockanalysis.com (백업 소스, 운용사 EOD 데이터 재게시)",2026-07-08T03:14:41+00:00
2026-07-08,SOXQ,ARM,Arm Holdings plc,1.74,142927.0,,"stockanalysis.com (백업 소스, 운용사 EOD 데이터 재게시)",2026-07-08T03:14:41+00:00
2026-07-08,SOXQ,ASML,ASML Holding N.V.,4.54,65954.0,,"stockanalysis.com (백업 소스, 운용사 EOD 데이터 재게시)",2026-07-08T03:14:41+00:00
2026-07-08,SOXQ,AVGO,Broadcom Inc.,8.4,595090.0,,"stockanalysis.com (백업 소스, 운용사 EOD 데이터 재게시)",2026-07-08T03:14:41+00:00
2026-07-08,SOXQ,COHR,Coherent Corp.,2.51,197834.0,,"stockanalysis.com (백업 소스, 운용사 EOD 데이터 재게시)",2026-07-08T03:14:41+00:00
2026-07-08,SOXQ,CRDO,Credo Technology Group Holding Ltd,1.87,186508.0,,"stockanalysis.com (백업 소스, 운용사 EOD 데이터 재게시)",2026-07-08T03:14:41+00:00
2026-07-08,SOXQ,GFS,GLOBALFOUNDRIES Inc.,1.44,555185.0,,"stockanalysis.com (백업 소스, 운용사 EOD 데이터 재게시)",2026-07-08T03:14:41+00:00
2026-07-08,SOXQ,INTC,Intel Corporation,4.28,927354.0,,"stockanalysis.com (백업 소스, 운용사 EOD 데이터 재게시)",2026-07-08T03:14:41+00:00
2026-07-08,SOXQ,KLAC,KLA Corporation,4.87,553396.0,,"stockanalysis.com (백업 소스, 운용사 EOD 데이터 재게시)",2026-07-08T03:14:41+00:00
2026-07-08,SOXQ,LRCX,Lam Research Corporation,4.42,334233.0,,"stockanalysis.com (백업 소스, 운용사 EOD 데이터 재게시)",2026-07-08T03:14:41+00:00
2026-07-08,SOXQ,MCHP,Microchip Technology Incorporated,1.81,548124.0,,"stockanalysis.com (백업 소스, 운용사 EOD 데이터 재게시)",2026-07-08T03:14:41+00:00
2026-07-08,SOXQ,MPWR,"Monolithic Power Systems, Inc.",2.52,49676.0,,"stockanalysis.com (백업 소스, 운용사 EOD 데이터 재게시)",2026-07-08T03:14:41+00:00
2026-07-08,SOXQ,MRVL,"Marvell Technology, Inc.",4.88,518782.0,,"stockanalysis.com (백업 소스, 운용사 EOD 데이터 재게시)",2026-07-08T03:14:41+00:00
2026-07-08,SOXQ,MTSI,"MACOM Technology Solutions Holdings, Inc.",0.95,77144.0,,"stockanalysis.com (백업 소스, 운용사 EOD 데이터 재게시)",2026-07-08T03:14:41+00:00
2026-07-08,SOXQ,MU,"Micron Technology, Inc.",8.14,219051.0,,"stockanalysis.com (백업 소스, 운용사 EOD 데이터 재게시)",2026-07-08T03:14:41+00:00
2026-07-08,SOXQ,NVDA,NVIDIA Corporation,11.15,1511049.0,,"stockanalysis.com (백업 소스, 운용사 EOD 데이터 재게시)",2026-07-08T03:14:41+00:00
2026-07-08,SOXQ,NXPI,NXP Semiconductors N.V.,2.7,255300.0,,"stockanalysis.com (백업 소스, 운용사 EOD 데이터 재게시)",2026-07-08T03:14:41+00:00
2026-07-08,SOXQ,ON,ON Semiconductor Corporation,1.42,396282.0,,"stockanalysis.com (백업 소스, 운용사 EOD 데이터 재게시)",2026-07-08T03:14:41+00:00
2026-07-08,SOXQ,QCOM,QUALCOMM Incorporated,2.98,423670.0,,"stockanalysis.com (백업 소스, 운용사 EOD 데이터 재게시)",2026-07-08T03:14:41+00:00
2026-07-08,SOXQ,TER,"Teradyne, Inc.",2.27,158280.0,,"stockanalysis.com (백업 소스, 운용사 EOD 데이터 재게시)",2026-07-08T03:14:41+00:00
2026-07-08,SOXQ,TSM,Taiwan Semiconductor Manufacturing Company Limited,4.33,254154.0,,"stockanalysis.com (백업 소스, 운용사 EOD 데이터 재게시)",2026-07-08T03:14:41+00:00
2026-07-08,SOXQ,TXN,Texas Instruments Incorporated,3.99,347919.0,,"stockanalysis.com (백업 소스, 운용사 EOD 데이터 재게시)",2026-07-08T03:14:41+00:00
2026-07-08,SOXX,ADI,"Analog Devices, Inc.",3.7,4136316.0,,"stockanalysis.com (백업 소스, 운용사 EOD 데이터 재게시)",2026-07-08T03:14:41+00:00
2026-07-08,SOXX,ALAB,"Astera Labs, Inc.",2.88,2980549.0,,"stockanalysis.com (백업 소스, 운용사 EOD 데이터 재게시)",2026-07-08T03:14:41+00:00
2026-07-08,SOXX,AMAT,"Applied Materials, Inc.",5.44,3803510.0,,"stockanalysis.com (백업 소스, 운용사 EOD 데이터 재게시)",2026-07-08T03:14:41+00:00
2026-07-08,SOXX,AMD,"Advanced Micro Devices, Inc.",8.15,6633611.0,,"stockanalysis.com (백업 소스, 운용사 EOD 데이터 재게시)",2026-07-08T03:14:41+00:00
2026-07-08,SOXX,ASML,ASML Holding N.V.,2.32,551666.0,,"stockanalysis.com (백업 소스, 운용사 EOD 데이터 재게시)",2026-07-08T03:14:41+00:00
2026-07-08,SOXX,ASX,"ASE Technology Holding Co., Ltd.",1.28,12839350.0,,"stockanalysis.com (백업 소스, 운용사 EOD 데이터 재게시)",2026-07-08T03:14:41+00:00
2026-07-08,SOXX,AVGO,Broadcom Inc.,6.56,7663001.0,,"stockanalysis.com (백업 소스, 운용사 EOD 데이터 재게시)",2026-07-08T03:14:41+00:00
2026-07-08,SOXX,CRDO,Credo Technology Group Holding Ltd,2.02,3522886.0,,"stockanalysis.com (백업 소스, 운용사 EOD 데이터 재게시)",2026-07-08T03:14:41+00:00
2026-07-08,SOXX,ENTG,"Entegris, Inc.",1.12,3228359.0,,"stockanalysis.com (백업 소스, 운용사 EOD 데이터 재게시)",2026-07-08T03:14:41+00:00
2026-07-08,SOXX,INTC,Intel Corporation,6.17,21594621.0,,"stockanalysis.com (백업 소스, 운용사 EOD 데이터 재게시)",2026-07-08T03:14:41+00:00
2026-07-08,SOXX,KLAC,KLA Corporation,4.98,8907677.0,,"stockanalysis.com (백업 소스, 운용사 EOD 데이터 재게시)",2026-07-08T03:14:41+00:00
2026-07-08,SOXX,LRCX,Lam Research Corporation,4.49,5379979.0,,"stockanalysis.com (백업 소스, 운용사 EOD 데이터 재게시)",2026-07-08T03:14:41+00:00
2026-07-08,SOXX,MCHP,Microchip Technology Incorporated,2.27,11319375.0,,"stockanalysis.com (백업 소스, 운용사 EOD 데이터 재게시)",2026-07-08T03:14:41+00:00
2026-07-08,SOXX,MPWR,"Monolithic Power Systems, Inc.",3.08,1008970.0,,"stockanalysis.com (백업 소스, 운용사 EOD 데이터 재게시)",2026-07-08T03:14:41+00:00
2026-07-08,SOXX,MRVL,"Marvell Technology, Inc.",4.86,8350298.0,,"stockanalysis.com (백업 소스, 운용사 EOD 데이터 재게시)",2026-07-08T03:14:41+00:00
2026-07-08,SOXX,MTSI,"MACOM Technology Solutions Holdings, Inc.",1.12,1469746.0,,"stockanalysis.com (백업 소스, 운용사 EOD 데이터 재게시)",2026-07-08T03:14:41+00:00
2026-07-08,SOXX,MU,"Micron Technology, Inc.",8.16,3525843.0,,"stockanalysis.com (백업 소스, 운용사 EOD 데이터 재게시)",2026-07-08T03:14:41+00:00
2026-07-08,SOXX,NVDA,NVIDIA Corporation,7.5,16214848.0,,"stockanalysis.com (백업 소스, 운용사 EOD 데이터 재게시)",2026-07-08T03:14:41+00:00
2026-07-08,SOXX,NXPI,NXP Semiconductors N.V.,3.46,5326894.0,,"stockanalysis.com (백업 소스, 운용사 EOD 데이터 재게시)",2026-07-08T03:14:41+00:00
2026-07-08,SOXX,ON,ON Semiconductor Corporation,1.8,8297726.0,,"stockanalysis.com (백업 소스, 운용사 EOD 데이터 재게시)",2026-07-08T03:14:41+00:00
2026-07-08,SOXX,QCOM,QUALCOMM Incorporated,2.85,6819385.0,,"stockanalysis.com (백업 소스, 운용사 EOD 데이터 재게시)",2026-07-08T03:14:41+00:00
2026-07-08,SOXX,TER,"Teradyne, Inc.",2.9,3312588.0,,"stockanalysis.com (백업 소스, 운용사 EOD 데이터 재게시)",2026-07-08T03:14:41+00:00
2026-07-08,SOXX,TSM,Taiwan Semiconductor Manufacturing Company Limited,4.38,4252425.0,,"stockanalysis.com (백업 소스, 운용사 EOD 데이터 재게시)",2026-07-08T03:14:41+00:00
2026-07-08,SOXX,TXN,Texas Instruments Incorporated,3.9,5599994.0,,"stockanalysis.com (백업 소스, 운용사 EOD 데이터 재게시)",2026-07-08T03:14:41+00:00
2026-07-08,SOXX,UMC,United Microelectronics Corporation,1.04,17799812.0,,"stockanalysis.com (백업 소스, 운용사 EOD 데이터 재게시)",2026-07-08T03:14:41+00:00
2026-07-09,SMH,ADI,"Analog Devices, Inc.",4.23,7709527.0,,"stockanalysis.com (백업 소스, 운용사 EOD 데이터 재게시)",2026-07-09T06:30:47+00:00
2026-07-09,SMH,ALAB,"Astera Labs, Inc.",1.19,2019050.0,,"stockanalysis.com (백업 소스, 운용사 EOD 데이터 재게시)",2026-07-09T06:30:47+00:00
2026-07-09,SMH,AMAT,"Applied Materials, Inc.",5.33,6077118.0,,"stockanalysis.com (백업 소스, 운용사 EOD 데이터 재게시)",2026-07-09T06:30:47+00:00
2026-07-09,SMH,AMD,"Advanced Micro Devices, Inc.",5.58,7418187.0,,"stockanalysis.com (백업 소스, 운용사 EOD 데이터 재게시)",2026-07-09T06:30:47+00:00
2026-07-09,SMH,ARM,Arm Holdings plc,1.15,2516244.0,,"stockanalysis.com (백업 소스, 운용사 EOD 데이터 재게시)",2026-07-09T06:30:47+00:00
2026-07-09,SMH,ASML,ASML Holding N.V.,4.99,1939606.0,,"stockanalysis.com (백업 소스, 운용사 EOD 데이터 재게시)",2026-07-09T06:30:47+00:00
2026-07-09,SMH,AVGO,Broadcom Inc.,5.61,10700777.0,,"stockanalysis.com (백업 소스, 운용사 EOD 데이터 재게시)",2026-07-09T06:30:47+00:00
2026-07-09,SMH,CDNS,"Cadence Design Systems, Inc.",2.38,4386021.0,,"stockanalysis.com (백업 소스, 운용사 EOD 데이터 재게시)",2026-07-09T06:30:47+00:00
2026-07-09,SMH,INTC,Intel Corporation,4.88,27912003.0,,"stockanalysis.com (백업 소스, 운용사 EOD 데이터 재게시)",2026-07-09T06:30:47+00:00
2026-07-09,SMH,KLAC,KLA Corporation,4.73,13802186.0,,"stockanalysis.com (백업 소스, 운용사 EOD 데이터 재게시)",2026-07-09T06:30:47+00:00
2026-07-09,SMH,LRCX,Lam Research Corporation,4.68,9159847.0,,"stockanalysis.com (백업 소스, 운용사 EOD 데이터 재게시)",2026-07-09T06:30:47+00:00
2026-07-09,SMH,MCHP,Microchip Technology Incorporated,0.93,7538747.0,,"stockanalysis.com (백업 소스, 운용사 EOD 데이터 재게시)",2026-07-09T06:30:47+00:00
2026-07-09,SMH,MPWR,"Monolithic Power Systems, Inc.",1.26,675162.0,,"stockanalysis.com (백업 소스, 운용사 EOD 데이터 재게시)",2026-07-09T06:30:47+00:00
2026-07-09,SMH,MRVL,"Marvell Technology, Inc.",4.27,11985054.0,,"stockanalysis.com (백업 소스, 운용사 EOD 데이터 재게시)",2026-07-09T06:30:47+00:00
2026-07-09,SMH,MU,"Micron Technology, Inc.",5.34,3762838.0,,"stockanalysis.com (백업 소스, 운용사 EOD 데이터 재게시)",2026-07-09T06:30:47+00:00
2026-07-09,SMH,NVDA,NVIDIA Corporation,19.01,67132346.0,,"stockanalysis.com (백업 소스, 운용사 EOD 데이터 재게시)",2026-07-09T06:30:47+00:00
2026-07-09,SMH,NXPI,NXP Semiconductors N.V.,1.24,3122625.0,,"stockanalysis.com (백업 소스, 운용사 EOD 데이터 재게시)",2026-07-09T06:30:47+00:00
2026-07-09,SMH,ON,ON Semiconductor Corporation,0.62,4682555.0,,"stockanalysis.com (백업 소스, 운용사 EOD 데이터 재게시)",2026-07-09T06:30:47+00:00
2026-07-09,SMH,QCOM,QUALCOMM Incorporated,3.97,15483836.0,,"stockanalysis.com (백업 소스, 운용사 EOD 데이터 재게시)",2026-07-09T06:30:47+00:00
2026-07-09,SMH,SNPS,"Synopsys, Inc.",1.95,3075477.0,,"stockanalysis.com (백업 소스, 운용사 EOD 데이터 재게시)",2026-07-09T06:30:47+00:00
2026-07-09,SMH,STM,STMicroelectronics N.V.,1.28,12881054.0,,"stockanalysis.com (백업 소스, 운용사 EOD 데이터 재게시)",2026-07-09T06:30:47+00:00
2026-07-09,SMH,SWKS,"Skyworks Solutions, Inc.",0.16,1797082.0,,"stockanalysis.com (백업 소스, 운용사 EOD 데이터 재게시)",2026-07-09T06:30:47+00:00
2026-07-09,SMH,TER,"Teradyne, Inc.",1.27,2366409.0,,"stockanalysis.com (백업 소스, 운용사 EOD 데이터 재게시)",2026-07-09T06:30:47+00:00
2026-07-09,SMH,TSM,Taiwan Semiconductor Manufacturing Company Limited,9.4,14889948.0,,"stockanalysis.com (백업 소스, 운용사 EOD 데이터 재게시)",2026-07-09T06:30:47+00:00
2026-07-09,SMH,TXN,Texas Instruments Incorporated,4.56,10710296.0,,"stockanalysis.com (백업 소스, 운용사 EOD 데이터 재게시)",2026-07-09T06:30:47+00:00
2026-07-09,SOXQ,ADI,"Analog Devices, Inc.",3.77,256973.0,,"stockanalysis.com (백업 소스, 운용사 EOD 데이터 재게시)",2026-07-09T06:30:47+00:00
2026-07-09,SOXQ,ALAB,"Astera Labs, Inc.",2.83,173324.0,,"stockanalysis.com (백업 소스, 운용사 EOD 데이터 재게시)",2026-07-09T06:30:47+00:00
2026-07-09,SOXQ,AMAT,"Applied Materials, Inc.",5.29,236293.0,,"stockanalysis.com (백업 소스, 운용사 EOD 데이터 재게시)",2026-07-09T06:30:47+00:00
2026-07-09,SOXQ,AMD,"Advanced Micro Devices, Inc.",4.29,206061.0,,"stockanalysis.com (백업 소스, 운용사 EOD 데이터 재게시)",2026-07-09T06:30:47+00:00
2026-07-09,SOXQ,ARM,Arm Holdings plc,1.74,142927.0,,"stockanalysis.com (백업 소스, 운용사 EOD 데이터 재게시)",2026-07-09T06:30:47+00:00
2026-07-09,SOXQ,ASML,ASML Holding N.V.,4.54,65954.0,,"stockanalysis.com (백업 소스, 운용사 EOD 데이터 재게시)",2026-07-09T06:30:47+00:00
2026-07-09,SOXQ,AVGO,Broadcom Inc.,8.4,595090.0,,"stockanalysis.com (백업 소스, 운용사 EOD 데이터 재게시)",2026-07-09T06:30:47+00:00
2026-07-09,SOXQ,COHR,Coherent Corp.,2.51,197834.0,,"stockanalysis.com (백업 소스, 운용사 EOD 데이터 재게시)",2026-07-09T06:30:47+00:00
2026-07-09,SOXQ,CRDO,Credo Technology Group Holding Ltd,1.87,186508.0,,"stockanalysis.com (백업 소스, 운용사 EOD 데이터 재게시)",2026-07-09T06:30:47+00:00
2026-07-09,SOXQ,GFS,GLOBALFOUNDRIES Inc.,1.44,555185.0,,"stockanalysis.com (백업 소스, 운용사 EOD 데이터 재게시)",2026-07-09T06:30:47+00:00
2026-07-09,SOXQ,INTC,Intel Corporation,4.28,927354.0,,"stockanalysis.com (백업 소스, 운용사 EOD 데이터 재게시)",2026-07-09T06:30:47+00:00
2026-07-09,SOXQ,KLAC,KLA Corporation,4.87,553396.0,,"stockanalysis.com (백업 소스, 운용사 EOD 데이터 재게시)",2026-07-09T06:30:47+00:00
2026-07-09,SOXQ,LRCX,Lam Research Corporation,4.42,334233.0,,"stockanalysis.com (백업 소스, 운용사 EOD 데이터 재게시)",2026-07-09T06:30:47+00:00
2026-07-09,SOXQ,MCHP,Microchip Technology Incorporated,1.81,548124.0,,"stockanalysis.com (백업 소스, 운용사 EOD 데이터 재게시)",2026-07-09T06:30:47+00:00
2026-07-09,SOXQ,MPWR,"Monolithic Power Systems, Inc.",2.52,49676.0,,"stockanalysis.com (백업 소스, 운용사 EOD 데이터 재게시)",2026-07-09T06:30:47+00:00
2026-07-09,SOXQ,MRVL,"Marvell Technology, Inc.",4.88,518782.0,,"stockanalysis.com (백업 소스, 운용사 EOD 데이터 재게시)",2026-07-09T06:30:47+00:00
2026-07-09,SOXQ,MTSI,"MACOM Technology Solutions Holdings, Inc.",0.95,77144.0,,"stockanalysis.com (백업 소스, 운용사 EOD 데이터 재게시)",2026-07-09T06:30:47+00:00
2026-07-09,SOXQ,MU,"Micron Technology, Inc.",8.14,219051.0,,"stockanalysis.com (백업 소스, 운용사 EOD 데이터 재게시)",2026-07-09T06:30:47+00:00
2026-07-09,SOXQ,NVDA,NVIDIA Corporation,11.15,1511049.0,,"stockanalysis.com (백업 소스, 운용사 EOD 데이터 재게시)",2026-07-09T06:30:47+00:00
2026-07-09,SOXQ,NXPI,NXP Semiconductors N.V.,2.7,255300.0,,"stockanalysis.com (백업 소스, 운용사 EOD 데이터 재게시)",2026-07-09T06:30:47+00:00
2026-07-09,SOXQ,ON,ON Semiconductor Corporation,1.42,396282.0,,"stockanalysis.com (백업 소스, 운용사 EOD 데이터 재게시)",2026-07-09T06:30:47+00:00
2026-07-09,SOXQ,QCOM,QUALCOMM Incorporated,2.98,423670.0,,"stockanalysis.com (백업 소스, 운용사 EOD 데이터 재게시)",2026-07-09T06:30:47+00:00
2026-07-09,SOXQ,TER,"Teradyne, Inc.",2.27,158280.0,,"stockanalysis.com (백업 소스, 운용사 EOD 데이터 재게시)",2026-07-09T06:30:47+00:00
2026-07-09,SOXQ,TSM,Taiwan Semiconductor Manufacturing Company Limited,4.33,254154.0,,"stockanalysis.com (백업 소스, 운용사 EOD 데이터 재게시)",2026-07-09T06:30:47+00:00
2026-07-09,SOXQ,TXN,Texas Instruments Incorporated,3.99,347919.0,,"stockanalysis.com (백업 소스, 운용사 EOD 데이터 재게시)",2026-07-09T06:30:47+00:00
2026-07-09,SOXX,ADI,"Analog Devices, Inc.",3.83,4670460.0,,"stockanalysis.com (백업 소스, 운용사 EOD 데이터 재게시)",2026-07-09T06:30:47+00:00
2026-07-09,SOXX,ALAB,"Astera Labs, Inc.",2.78,3365317.0,,"stockanalysis.com (백업 소스, 운용사 EOD 데이터 재게시)",2026-07-09T06:30:47+00:00
2026-07-09,SOXX,AMAT,"Applied Materials, Inc.",5.15,4294646.0,,"stockanalysis.com (백업 소스, 운용사 EOD 데이터 재게시)",2026-07-09T06:30:47+00:00
2026-07-09,SOXX,AMD,"Advanced Micro Devices, Inc.",8.35,7490123.0,,"stockanalysis.com (백업 소스, 운용사 EOD 데이터 재게시)",2026-07-09T06:30:47+00:00
2026-07-09,SOXX,ASML,ASML Holding N.V.,2.35,622898.0,,"stockanalysis.com (백업 소스, 운용사 EOD 데이터 재게시)",2026-07-09T06:30:47+00:00
2026-07-09,SOXX,ASX,"ASE Technology Holding Co., Ltd.",1.24,14497078.0,,"stockanalysis.com (백업 소스, 운용사 EOD 데이터 재게시)",2026-07-09T06:30:47+00:00
2026-07-09,SOXX,AVGO,Broadcom Inc.,6.93,8652377.0,,"stockanalysis.com (백업 소스, 운용사 EOD 데이터 재게시)",2026-07-09T06:30:47+00:00
2026-07-09,SOXX,CRDO,Credo Technology Group Holding Ltd,2.12,3977734.0,,"stockanalysis.com (백업 소스, 운용사 EOD 데이터 재게시)",2026-07-09T06:30:47+00:00
2026-07-09,SOXX,ENTG,"Entegris, Inc.",1.06,3645191.0,,"stockanalysis.com (백업 소스, 운용사 EOD 데이터 재게시)",2026-07-09T06:30:47+00:00
2026-07-09,SOXX,INTC,Intel Corporation,5.82,24382845.0,,"stockanalysis.com (백업 소스, 운용사 EOD 데이터 재게시)",2026-07-09T06:30:47+00:00
2026-07-09,SOXX,KLAC,KLA Corporation,4.7,10057757.0,,"stockanalysis.com (백업 소스, 운용사 EOD 데이터 재게시)",2026-07-09T06:30:47+00:00
2026-07-09,SOXX,LRCX,Lam Research Corporation,4.28,6074635.0,,"stockanalysis.com (백업 소스, 운용사 EOD 데이터 재게시)",2026-07-09T06:30:47+00:00
2026-07-09,SOXX,MCHP,Microchip Technology Incorporated,2.32,12780879.0,,"stockanalysis.com (백업 소스, 운용사 EOD 데이터 재게시)",2026-07-09T06:30:47+00:00
2026-07-09,SOXX,MPWR,"Monolithic Power Systems, Inc.",3.13,1139338.0,,"stockanalysis.com (백업 소스, 운용사 EOD 데이터 재게시)",2026-07-09T06:30:47+00:00
2026-07-09,SOXX,MRVL,"Marvell Technology, Inc.",4.7,9428570.0,,"stockanalysis.com (백업 소스, 운용사 EOD 데이터 재게시)",2026-07-09T06:30:47+00:00
2026-07-09,SOXX,MTSI,"MACOM Technology Solutions Holdings, Inc.",1.09,1659442.0,,"stockanalysis.com (백업 소스, 운용사 EOD 데이터 재게시)",2026-07-09T06:30:47+00:00
2026-07-09,SOXX,MU,"Micron Technology, Inc.",8.07,3981075.0,,"stockanalysis.com (백업 소스, 운용사 EOD 데이터 재게시)",2026-07-09T06:30:47+00:00
2026-07-09,SOXX,NVDA,NVIDIA Corporation,7.79,18308416.0,,"stockanalysis.com (백업 소스, 운용사 EOD 데이터 재게시)",2026-07-09T06:30:47+00:00
2026-07-09,SOXX,NXPI,NXP Semiconductors N.V.,3.55,6014638.0,,"stockanalysis.com (백업 소스, 운용사 EOD 데이터 재게시)",2026-07-09T06:30:47+00:00
2026-07-09,SOXX,ON,ON Semiconductor Corporation,1.84,9369086.0,,"stockanalysis.com (백업 소스, 운용사 EOD 데이터 재게시)",2026-07-09T06:30:47+00:00
2026-07-09,SOXX,QCOM,QUALCOMM Incorporated,3.04,7699897.0,,"stockanalysis.com (백업 소스, 운용사 EOD 데이터 재게시)",2026-07-09T06:30:47+00:00
2026-07-09,SOXX,TER,"Teradyne, Inc.",2.77,3740364.0,,"stockanalysis.com (백업 소스, 운용사 EOD 데이터 재게시)",2026-07-09T06:30:47+00:00
2026-07-09,SOXX,TSM,Taiwan Semiconductor Manufacturing Company Limited,4.49,4801545.0,,"stockanalysis.com (백업 소스, 운용사 EOD 데이터 재게시)",2026-07-09T06:30:47+00:00
2026-07-09,SOXX,TXN,Texas Instruments Incorporated,4.01,6323066.0,,"stockanalysis.com (백업 소스, 운용사 EOD 데이터 재게시)",2026-07-09T06:30:47+00:00
2026-07-09,SOXX,UMC,United Microelectronics Corporation,1.03,20098052.0,,"stockanalysis.com (백업 소스, 운용사 EOD 데이터 재게시)",2026-07-09T06:30:47+00:00
2026-07-10,SMH,ADI,"Analog Devices, Inc.",4.23,7709527.0,,"stockanalysis.com (백업 소스, 운용사 EOD 데이터 재게시)",2026-07-10T06:29:58+00:00
2026-07-10,SMH,ALAB,"Astera Labs, Inc.",1.19,2019050.0,,"stockanalysis.com (백업 소스, 운용사 EOD 데이터 재게시)",2026-07-10T06:29:58+00:00
2026-07-10,SMH,AMAT,"Applied Materials, Inc.",5.33,6077118.0,,"stockanalysis.com (백업 소스, 운용사 EOD 데이터 재게시)",2026-07-10T06:29:58+00:00
2026-07-10,SMH,AMD,"Advanced Micro Devices, Inc.",5.58,7418187.0,,"stockanalysis.com (백업 소스, 운용사 EOD 데이터 재게시)",2026-07-10T06:29:58+00:00
2026-07-10,SMH,ARM,Arm Holdings plc,1.15,2516244.0,,"stockanalysis.com (백업 소스, 운용사 EOD 데이터 재게시)",2026-07-10T06:29:58+00:00
2026-07-10,SMH,ASML,ASML Holding N.V.,4.99,1939606.0,,"stockanalysis.com (백업 소스, 운용사 EOD 데이터 재게시)",2026-07-10T06:29:58+00:00
2026-07-10,SMH,AVGO,Broadcom Inc.,5.61,10700777.0,,"stockanalysis.com (백업 소스, 운용사 EOD 데이터 재게시)",2026-07-10T06:29:58+00:00
2026-07-10,SMH,CDNS,"Cadence Design Systems, Inc.",2.38,4386021.0,,"stockanalysis.com (백업 소스, 운용사 EOD 데이터 재게시)",2026-07-10T06:29:58+00:00
2026-07-10,SMH,INTC,Intel Corporation,4.88,27912003.0,,"stockanalysis.com (백업 소스, 운용사 EOD 데이터 재게시)",2026-07-10T06:29:58+00:00
2026-07-10,SMH,KLAC,KLA Corporation,4.73,13802186.0,,"stockanalysis.com (백업 소스, 운용사 EOD 데이터 재게시)",2026-07-10T06:29:58+00:00
2026-07-10,SMH,LRCX,Lam Research Corporation,4.68,9159847.0,,"stockanalysis.com (백업 소스, 운용사 EOD 데이터 재게시)",2026-07-10T06:29:58+00:00
2026-07-10,SMH,MCHP,Microchip Technology Incorporated,0.93,7538747.0,,"stockanalysis.com (백업 소스, 운용사 EOD 데이터 재게시)",2026-07-10T06:29:58+00:00
2026-07-10,SMH,MPWR,"Monolithic Power Systems, Inc.",1.26,675162.0,,"stockanalysis.com (백업 소스, 운용사 EOD 데이터 재게시)",2026-07-10T06:29:58+00:00
2026-07-10,SMH,MRVL,"Marvell Technology, Inc.",4.27,11985054.0,,"stockanalysis.com (백업 소스, 운용사 EOD 데이터 재게시)",2026-07-10T06:29:58+00:00
2026-07-10,SMH,MU,"Micron Technology, Inc.",5.34,3762838.0,,"stockanalysis.com (백업 소스, 운용사 EOD 데이터 재게시)",2026-07-10T06:29:58+00:00
2026-07-10,SMH,NVDA,NVIDIA Corporation,19.01,67132346.0,,"stockanalysis.com (백업 소스, 운용사 EOD 데이터 재게시)",2026-07-10T06:29:58+00:00
2026-07-10,SMH,NXPI,NXP Semiconductors N.V.,1.24,3122625.0,,"stockanalysis.com (백업 소스, 운용사 EOD 데이터 재게시)",2026-07-10T06:29:58+00:00
2026-07-10,SMH,ON,ON Semiconductor Corporation,0.62,4682555.0,,"stockanalysis.com (백업 소스, 운용사 EOD 데이터 재게시)",2026-07-10T06:29:58+00:00
2026-07-10,SMH,QCOM,QUALCOMM Incorporated,3.97,15483836.0,,"stockanalysis.com (백업 소스, 운용사 EOD 데이터 재게시)",2026-07-10T06:29:58+00:00
2026-07-10,SMH,SNPS,"Synopsys, Inc.",1.95,3075477.0,,"stockanalysis.com (백업 소스, 운용사 EOD 데이터 재게시)",2026-07-10T06:29:58+00:00
2026-07-10,SMH,STM,STMicroelectronics N.V.,1.28,12881054.0,,"stockanalysis.com (백업 소스, 운용사 EOD 데이터 재게시)",2026-07-10T06:29:58+00:00
2026-07-10,SMH,SWKS,"Skyworks Solutions, Inc.",0.16,1797082.0,,"stockanalysis.com (백업 소스, 운용사 EOD 데이터 재게시)",2026-07-10T06:29:58+00:00
2026-07-10,SMH,TER,"Teradyne, Inc.",1.27,2366409.0,,"stockanalysis.com (백업 소스, 운용사 EOD 데이터 재게시)",2026-07-10T06:29:58+00:00
2026-07-10,SMH,TSM,Taiwan Semiconductor Manufacturing Company Limited,9.4,14889948.0,,"stockanalysis.com (백업 소스, 운용사 EOD 데이터 재게시)",2026-07-10T06:29:58+00:00
2026-07-10,SMH,TXN,Texas Instruments Incorporated,4.56,10710296.0,,"stockanalysis.com (백업 소스, 운용사 EOD 데이터 재게시)",2026-07-10T06:29:58+00:00
2026-07-10,SOXQ,ADI,"Analog Devices, Inc.",3.77,256973.0,,"stockanalysis.com (백업 소스, 운용사 EOD 데이터 재게시)",2026-07-10T06:29:58+00:00
2026-07-10,SOXQ,ALAB,"Astera Labs, Inc.",2.83,173324.0,,"stockanalysis.com (백업 소스, 운용사 EOD 데이터 재게시)",2026-07-10T06:29:58+00:00
2026-07-10,SOXQ,AMAT,"Applied Materials, Inc.",5.29,236293.0,,"stockanalysis.com (백업 소스, 운용사 EOD 데이터 재게시)",2026-07-10T06:29:58+00:00
2026-07-10,SOXQ,AMD,"Advanced Micro Devices, Inc.",4.29,206061.0,,"stockanalysis.com (백업 소스, 운용사 EOD 데이터 재게시)",2026-07-10T06:29:58+00:00
2026-07-10,SOXQ,ARM,Arm Holdings plc,1.74,142927.0,,"stockanalysis.com (백업 소스, 운용사 EOD 데이터 재게시)",2026-07-10T06:29:58+00:00
2026-07-10,SOXQ,ASML,ASML Holding N.V.,4.54,65954.0,,"stockanalysis.com (백업 소스, 운용사 EOD 데이터 재게시)",2026-07-10T06:29:58+00:00
2026-07-10,SOXQ,AVGO,Broadcom Inc.,8.4,595090.0,,"stockanalysis.com (백업 소스, 운용사 EOD 데이터 재게시)",2026-07-10T06:29:58+00:00
2026-07-10,SOXQ,COHR,Coherent Corp.,2.51,197834.0,,"stockanalysis.com (백업 소스, 운용사 EOD 데이터 재게시)",2026-07-10T06:29:58+00:00
2026-07-10,SOXQ,CRDO,Credo Technology Group Holding Ltd,1.87,186508.0,,"stockanalysis.com (백업 소스, 운용사 EOD 데이터 재게시)",2026-07-10T06:29:58+00:00
2026-07-10,SOXQ,GFS,GLOBALFOUNDRIES Inc.,1.44,555185.0,,"stockanalysis.com (백업 소스, 운용사 EOD 데이터 재게시)",2026-07-10T06:29:58+00:00
2026-07-10,SOXQ,INTC,Intel Corporation,4.28,927354.0,,"stockanalysis.com (백업 소스, 운용사 EOD 데이터 재게시)",2026-07-10T06:29:58+00:00
2026-07-10,SOXQ,KLAC,KLA Corporation,4.87,553396.0,,"stockanalysis.com (백업 소스, 운용사 EOD 데이터 재게시)",2026-07-10T06:29:58+00:00
2026-07-10,SOXQ,LRCX,Lam Research Corporation,4.42,334233.0,,"stockanalysis.com (백업 소스, 운용사 EOD 데이터 재게시)",2026-07-10T06:29:58+00:00
2026-07-10,SOXQ,MCHP,Microchip Technology Incorporated,1.81,548124.0,,"stockanalysis.com (백업 소스, 운용사 EOD 데이터 재게시)",2026-07-10T06:29:58+00:00
2026-07-10,SOXQ,MPWR,"Monolithic Power Systems, Inc.",2.52,49676.0,,"stockanalysis.com (백업 소스, 운용사 EOD 데이터 재게시)",2026-07-10T06:29:58+00:00
2026-07-10,SOXQ,MRVL,"Marvell Technology, Inc.",4.88,518782.0,,"stockanalysis.com (백업 소스, 운용사 EOD 데이터 재게시)",2026-07-10T06:29:58+00:00
2026-07-10,SOXQ,MTSI,"MACOM Technology Solutions Holdings, Inc.",0.95,77144.0,,"stockanalysis.com (백업 소스, 운용사 EOD 데이터 재게시)",2026-07-10T06:29:58+00:00
2026-07-10,SOXQ,MU,"Micron Technology, Inc.",8.14,219051.0,,"stockanalysis.com (백업 소스, 운용사 EOD 데이터 재게시)",2026-07-10T06:29:58+00:00
2026-07-10,SOXQ,NVDA,NVIDIA Corporation,11.15,1511049.0,,"stockanalysis.com (백업 소스, 운용사 EOD 데이터 재게시)",2026-07-10T06:29:58+00:00
2026-07-10,SOXQ,NXPI,NXP Semiconductors N.V.,2.7,255300.0,,"stockanalysis.com (백업 소스, 운용사 EOD 데이터 재게시)",2026-07-10T06:29:58+00:00
2026-07-10,SOXQ,ON,ON Semiconductor Corporation,1.42,396282.0,,"stockanalysis.com (백업 소스, 운용사 EOD 데이터 재게시)",2026-07-10T06:29:58+00:00
2026-07-10,SOXQ,QCOM,QUALCOMM Incorporated,2.98,423670.0,,"stockanalysis.com (백업 소스, 운용사 EOD 데이터 재게시)",2026-07-10T06:29:58+00:00
2026-07-10,SOXQ,TER,"Teradyne, Inc.",2.27,158280.0,,"stockanalysis.com (백업 소스, 운용사 EOD 데이터 재게시)",2026-07-10T06:29:58+00:00
2026-07-10,SOXQ,TSM,Taiwan Semiconductor Manufacturing Company Limited,4.33,254154.0,,"stockanalysis.com (백업 소스, 운용사 EOD 데이터 재게시)",2026-07-10T06:29:58+00:00
2026-07-10,SOXQ,TXN,Texas Instruments Incorporated,3.99,347919.0,,"stockanalysis.com (백업 소스, 운용사 EOD 데이터 재게시)",2026-07-10T06:29:58+00:00
2026-07-10,SOXX,ADI,"Analog Devices, Inc.",3.83,4670460.0,,"stockanalysis.com (백업 소스, 운용사 EOD 데이터 재게시)",2026-07-10T06:29:58+00:00
2026-07-10,SOXX,ALAB,"Astera Labs, Inc.",2.78,3365317.0,,"stockanalysis.com (백업 소스, 운용사 EOD 데이터 재게시)",2026-07-10T06:29:58+00:00
2026-07-10,SOXX,AMAT,"Applied Materials, Inc.",5.15,4294646.0,,"stockanalysis.com (백업 소스, 운용사 EOD 데이터 재게시)",2026-07-10T06:29:58+00:00
2026-07-10,SOXX,AMD,"Advanced Micro Devices, Inc.",8.35,7490123.0,,"stockanalysis.com (백업 소스, 운용사 EOD 데이터 재게시)",2026-07-10T06:29:58+00:00
2026-07-10,SOXX,ASML,ASML Holding N.V.,2.35,622898.0,,"stockanalysis.com (백업 소스, 운용사 EOD 데이터 재게시)",2026-07-10T06:29:58+00:00
2026-07-10,SOXX,ASX,"ASE Technology Holding Co., Ltd.",1.24,14497078.0,,"stockanalysis.com (백업 소스, 운용사 EOD 데이터 재게시)",2026-07-10T06:29:58+00:00
2026-07-10,SOXX,AVGO,Broadcom Inc.,6.93,8652377.0,,"stockanalysis.com (백업 소스, 운용사 EOD 데이터 재게시)",2026-07-10T06:29:58+00:00
2026-07-10,SOXX,CRDO,Credo Technology Group Holding Ltd,2.12,3977734.0,,"stockanalysis.com (백업 소스, 운용사 EOD 데이터 재게시)",2026-07-10T06:29:58+00:00
2026-07-10,SOXX,ENTG,"Entegris, Inc.",1.06,3645191.0,,"stockanalysis.com (백업 소스, 운용사 EOD 데이터 재게시)",2026-07-10T06:29:58+00:00
2026-07-10,SOXX,INTC,Intel Corporation,5.82,24382845.0,,"stockanalysis.com (백업 소스, 운용사 EOD 데이터 재게시)",2026-07-10T06:29:58+00:00
2026-07-10,SOXX,KLAC,KLA Corporation,4.7,10057757.0,,"stockanalysis.com (백업 소스, 운용사 EOD 데이터 재게시)",2026-07-10T06:29:58+00:00
2026-07-10,SOXX,LRCX,Lam Research Corporation,4.28,6074635.0,,"stockanalysis.com (백업 소스, 운용사 EOD 데이터 재게시)",2026-07-10T06:29:58+00:00
2026-07-10,SOXX,MCHP,Microchip Technology Incorporated,2.32,12780879.0,,"stockanalysis.com (백업 소스, 운용사 EOD 데이터 재게시)",2026-07-10T06:29:58+00:00
2026-07-10,SOXX,MPWR,"Monolithic Power Systems, Inc.",3.13,1139338.0,,"stockanalysis.com (백업 소스, 운용사 EOD 데이터 재게시)",2026-07-10T06:29:58+00:00
2026-07-10,SOXX,MRVL,"Marvell Technology, Inc.",4.7,9428570.0,,"stockanalysis.com (백업 소스, 운용사 EOD 데이터 재게시)",2026-07-10T06:29:58+00:00
2026-07-10,SOXX,MTSI,"MACOM Technology Solutions Holdings, Inc.",1.09,1659442.0,,"stockanalysis.com (백업 소스, 운용사 EOD 데이터 재게시)",2026-07-10T06:29:58+00:00
2026-07-10,SOXX,MU,"Micron Technology, Inc.",8.07,3981075.0,,"stockanalysis.com (백업 소스, 운용사 EOD 데이터 재게시)",2026-07-10T06:29:58+00:00
2026-07-10,SOXX,NVDA,NVIDIA Corporation,7.79,18308416.0,,"stockanalysis.com (백업 소스, 운용사 EOD 데이터 재게시)",2026-07-10T06:29:58+00:00
2026-07-10,SOXX,NXPI,NXP Semiconductors N.V.,3.55,6014638.0,,"stockanalysis.com (백업 소스, 운용사 EOD 데이터 재게시)",2026-07-10T06:29:58+00:00
2026-07-10,SOXX,ON,ON Semiconductor Corporation,1.84,9369086.0,,"stockanalysis.com (백업 소스, 운용사 EOD 데이터 재게시)",2026-07-10T06:29:58+00:00
2026-07-10,SOXX,QCOM,QUALCOMM Incorporated,3.04,7699897.0,,"stockanalysis.com (백업 소스, 운용사 EOD 데이터 재게시)",2026-07-10T06:29:58+00:00
2026-07-10,SOXX,TER,"Teradyne, Inc.",2.77,3740364.0,,"stockanalysis.com (백업 소스, 운용사 EOD 데이터 재게시)",2026-07-10T06:29:58+00:00
2026-07-10,SOXX,TSM,Taiwan Semiconductor Manufacturing Company Limited,4.49,4801545.0,,"stockanalysis.com (백업 소스, 운용사 EOD 데이터 재게시)",2026-07-10T06:29:58+00:00
2026-07-10,SOXX,TXN,Texas Instruments Incorporated,4.01,6323066.0,,"stockanalysis.com (백업 소스, 운용사 EOD 데이터 재게시)",2026-07-10T06:29:58+00:00
2026-07-10,SOXX,UMC,United Microelectronics Corporation,1.03,20098052.0,,"stockanalysis.com (백업 소스, 운용사 EOD 데이터 재게시)",2026-07-10T06:29:58+00:00
2026-07-11,SMH,ADI,"Analog Devices, Inc.",4.23,7709527.0,,"stockanalysis.com (백업 소스, 운용사 EOD 데이터 재게시)",2026-07-11T05:29:42+00:00
2026-07-11,SMH,ALAB,"Astera Labs, Inc.",1.19,2019050.0,,"stockanalysis.com (백업 소스, 운용사 EOD 데이터 재게시)",2026-07-11T05:29:42+00:00
2026-07-11,SMH,AMAT,"Applied Materials, Inc.",5.33,6077118.0,,"stockanalysis.com (백업 소스, 운용사 EOD 데이터 재게시)",2026-07-11T05:29:42+00:00
2026-07-11,SMH,AMD,"Advanced Micro Devices, Inc.",5.58,7418187.0,,"stockanalysis.com (백업 소스, 운용사 EOD 데이터 재게시)",2026-07-11T05:29:42+00:00
2026-07-11,SMH,ARM,Arm Holdings plc,1.15,2516244.0,,"stockanalysis.com (백업 소스, 운용사 EOD 데이터 재게시)",2026-07-11T05:29:42+00:00
2026-07-11,SMH,ASML,ASML Holding N.V.,4.99,1939606.0,,"stockanalysis.com (백업 소스, 운용사 EOD 데이터 재게시)",2026-07-11T05:29:42+00:00
2026-07-11,SMH,AVGO,Broadcom Inc.,5.61,10700777.0,,"stockanalysis.com (백업 소스, 운용사 EOD 데이터 재게시)",2026-07-11T05:29:42+00:00
2026-07-11,SMH,CDNS,"Cadence Design Systems, Inc.",2.38,4386021.0,,"stockanalysis.com (백업 소스, 운용사 EOD 데이터 재게시)",2026-07-11T05:29:42+00:00
2026-07-11,SMH,INTC,Intel Corporation,4.88,27912003.0,,"stockanalysis.com (백업 소스, 운용사 EOD 데이터 재게시)",2026-07-11T05:29:42+00:00
2026-07-11,SMH,KLAC,KLA Corporation,4.73,13802186.0,,"stockanalysis.com (백업 소스, 운용사 EOD 데이터 재게시)",2026-07-11T05:29:42+00:00
2026-07-11,SMH,LRCX,Lam Research Corporation,4.68,9159847.0,,"stockanalysis.com (백업 소스, 운용사 EOD 데이터 재게시)",2026-07-11T05:29:42+00:00
2026-07-11,SMH,MCHP,Microchip Technology Incorporated,0.93,7538747.0,,"stockanalysis.com (백업 소스, 운용사 EOD 데이터 재게시)",2026-07-11T05:29:42+00:00
2026-07-11,SMH,MPWR,"Monolithic Power Systems, Inc.",1.26,675162.0,,"stockanalysis.com (백업 소스, 운용사 EOD 데이터 재게시)",2026-07-11T05:29:42+00:00
2026-07-11,SMH,MRVL,"Marvell Technology, Inc.",4.27,11985054.0,,"stockanalysis.com (백업 소스, 운용사 EOD 데이터 재게시)",2026-07-11T05:29:42+00:00
2026-07-11,SMH,MU,"Micron Technology, Inc.",5.34,3762838.0,,"stockanalysis.com (백업 소스, 운용사 EOD 데이터 재게시)",2026-07-11T05:29:42+00:00
2026-07-11,SMH,NVDA,NVIDIA Corporation,19.01,67132346.0,,"stockanalysis.com (백업 소스, 운용사 EOD 데이터 재게시)",2026-07-11T05:29:42+00:00
2026-07-11,SMH,NXPI,NXP Semiconductors N.V.,1.24,3122625.0,,"stockanalysis.com (백업 소스, 운용사 EOD 데이터 재게시)",2026-07-11T05:29:42+00:00
2026-07-11,SMH,ON,ON Semiconductor Corporation,0.62,4682555.0,,"stockanalysis.com (백업 소스, 운용사 EOD 데이터 재게시)",2026-07-11T05:29:42+00:00
2026-07-11,SMH,QCOM,QUALCOMM Incorporated,3.97,15483836.0,,"stockanalysis.com (백업 소스, 운용사 EOD 데이터 재게시)",2026-07-11T05:29:42+00:00
2026-07-11,SMH,SNPS,"Synopsys, Inc.",1.95,3075477.0,,"stockanalysis.com (백업 소스, 운용사 EOD 데이터 재게시)",2026-07-11T05:29:42+00:00
2026-07-11,SMH,STM,STMicroelectronics N.V.,1.28,12881054.0,,"stockanalysis.com (백업 소스, 운용사 EOD 데이터 재게시)",2026-07-11T05:29:42+00:00
2026-07-11,SMH,SWKS,"Skyworks Solutions, Inc.",0.16,1797082.0,,"stockanalysis.com (백업 소스, 운용사 EOD 데이터 재게시)",2026-07-11T05:29:42+00:00
2026-07-11,SMH,TER,"Teradyne, Inc.",1.27,2366409.0,,"stockanalysis.com (백업 소스, 운용사 EOD 데이터 재게시)",2026-07-11T05:29:42+00:00
2026-07-11,SMH,TSM,Taiwan Semiconductor Manufacturing Company Limited,9.4,14889948.0,,"stockanalysis.com (백업 소스, 운용사 EOD 데이터 재게시)",2026-07-11T05:29:42+00:00
2026-07-11,SMH,TXN,Texas Instruments Incorporated,4.56,10710296.0,,"stockanalysis.com (백업 소스, 운용사 EOD 데이터 재게시)",2026-07-11T05:29:42+00:00
2026-07-11,SOXQ,ADI,"Analog Devices, Inc.",3.8,248305.0,,"stockanalysis.com (백업 소스, 운용사 EOD 데이터 재게시)",2026-07-11T05:29:42+00:00
2026-07-11,SOXQ,ALAB,"Astera Labs, Inc.",2.72,167472.0,,"stockanalysis.com (백업 소스, 운용사 EOD 데이터 재게시)",2026-07-11T05:29:42+00:00
2026-07-11,SOXQ,AMAT,"Applied Materials, Inc.",5.23,228329.0,,"stockanalysis.com (백업 소스, 운용사 EOD 데이터 재게시)",2026-07-11T05:29:42+00:00
2026-07-11,SOXQ,AMD,"Advanced Micro Devices, Inc.",4.23,199109.0,,"stockanalysis.com (백업 소스, 운용사 EOD 데이터 재게시)",2026-07-11T05:29:42+00:00
2026-07-11,SOXQ,ARM,Arm Holdings plc,1.76,138087.0,,"stockanalysis.com (백업 소스, 운용사 EOD 데이터 재게시)",2026-07-11T05:29:42+00:00
2026-07-11,SOXQ,ASML,ASML Holding N.V.,4.47,63710.0,,"stockanalysis.com (백업 소스, 운용사 EOD 데이터 재게시)",2026-07-11T05:29:42+00:00
2026-07-11,SOXQ,AVGO,Broadcom Inc.,8.97,575026.0,,"stockanalysis.com (백업 소스, 운용사 EOD 데이터 재게시)",2026-07-11T05:29:42+00:00
2026-07-11,SOXQ,COHR,Coherent Corp.,2.43,191146.0,,"stockanalysis.com (백업 소스, 운용사 EOD 데이터 재게시)",2026-07-11T05:29:42+00:00
2026-07-11,SOXQ,CRDO,Credo Technology Group Holding Ltd,1.86,180216.0,,"stockanalysis.com (백업 소스, 운용사 EOD 데이터 재게시)",2026-07-11T05:29:42+00:00
2026-07-11,SOXQ,GFS,GLOBALFOUNDRIES Inc.,1.45,536485.0,,"stockanalysis.com (백업 소스, 운용사 EOD 데이터 재게시)",2026-07-11T05:29:42+00:00
2026-07-11,SOXQ,INTC,Intel Corporation,3.92,896070.0,,"stockanalysis.com (백업 소스, 운용사 EOD 데이터 재게시)",2026-07-11T05:29:42+00:00
2026-07-11,SOXQ,KLAC,KLA Corporation,4.77,534740.0,,"stockanalysis.com (백업 소스, 운용사 EOD 데이터 재게시)",2026-07-11T05:29:42+00:00
2026-07-11,SOXQ,LRCX,Lam Research Corporation,4.43,322969.0,,"stockanalysis.com (백업 소스, 운용사 EOD 데이터 재게시)",2026-07-11T05:29:42+00:00
2026-07-11,SOXQ,MCHP,Microchip Technology Incorporated,1.82,529644.0,,"stockanalysis.com (백업 소스, 운용사 EOD 데이터 재게시)",2026-07-11T05:29:42+00:00
2026-07-11,SOXQ,MPWR,"Monolithic Power Systems, Inc.",2.56,48004.0,,"stockanalysis.com (백업 소스, 운용사 EOD 데이터 재게시)",2026-07-11T05:29:42+00:00
2026-07-11,SOXQ,MRVL,"Marvell Technology, Inc.",4.74,501270.0,,"stockanalysis.com (백업 소스, 운용사 EOD 데이터 재게시)",2026-07-11T05:29:42+00:00
2026-07-11,SOXQ,MTSI,"MACOM Technology Solutions Holdings, Inc.",0.92,74548.0,,"stockanalysis.com (백업 소스, 운용사 EOD 데이터 재게시)",2026-07-11T05:29:42+00:00
2026-07-11,SOXQ,MU,"Micron Technology, Inc.",8.16,211659.0,,"stockanalysis.com (백업 소스, 운용사 EOD 데이터 재게시)",2026-07-11T05:29:42+00:00
2026-07-11,SOXQ,NVDA,NVIDIA Corporation,11.51,1460097.0,,"stockanalysis.com (백업 소스, 운용사 EOD 데이터 재게시)",2026-07-11T05:29:42+00:00
2026-07-11,SOXQ,NXPI,NXP Semiconductors N.V.,2.79,246676.0,,"stockanalysis.com (백업 소스, 운용사 EOD 데이터 재게시)",2026-07-11T05:29:42+00:00
2026-07-11,SOXQ,ON,ON Semiconductor Corporation,1.46,382906.0,,"stockanalysis.com (백업 소스, 운용사 EOD 데이터 재게시)",2026-07-11T05:29:42+00:00
2026-07-11,SOXQ,QCOM,QUALCOMM Incorporated,3.04,409370.0,,"stockanalysis.com (백업 소스, 운용사 EOD 데이터 재게시)",2026-07-11T05:29:42+00:00
2026-07-11,SOXQ,TER,"Teradyne, Inc.",2.16,152956.0,,"stockanalysis.com (백업 소스, 운용사 EOD 데이터 재게시)",2026-07-11T05:29:42+00:00
2026-07-11,SOXQ,TSM,Taiwan Semiconductor Manufacturing Company Limited,4.17,245574.0,,"stockanalysis.com (백업 소스, 운용사 EOD 데이터 재게시)",2026-07-11T05:29:42+00:00
2026-07-11,SOXQ,TXN,Texas Instruments Incorporated,4.03,336171.0,,"stockanalysis.com (백업 소스, 운용사 EOD 데이터 재게시)",2026-07-11T05:29:42+00:00
2026-07-11,SOXX,ADI,"Analog Devices, Inc.",3.77,4556398.0,,"stockanalysis.com (백업 소스, 운용사 EOD 데이터 재게시)",2026-07-11T05:29:42+00:00
2026-07-11,SOXX,ALAB,"Astera Labs, Inc.",2.88,3283153.0,,"stockanalysis.com (백업 소스, 운용사 EOD 데이터 재게시)",2026-07-11T05:29:42+00:00
2026-07-11,SOXX,AMAT,"Applied Materials, Inc.",5.18,4189768.0,,"stockanalysis.com (백업 소스, 운용사 EOD 데이터 재게시)",2026-07-11T05:29:42+00:00
2026-07-11,SOXX,AMD,"Advanced Micro Devices, Inc.",8.39,7307222.0,,"stockanalysis.com (백업 소스, 운용사 EOD 데이터 재게시)",2026-07-11T05:29:42+00:00
2026-07-11,SOXX,ASML,ASML Holding N.V.,2.3,607687.0,,"stockanalysis.com (백업 소스, 운용사 EOD 데이터 재게시)",2026-07-11T05:29:42+00:00
2026-07-11,SOXX,ASX,"ASE Technology Holding Co., Ltd.",1.28,14143084.0,,"stockanalysis.com (백업 소스, 운용사 EOD 데이터 재게시)",2026-07-11T05:29:42+00:00
2026-07-11,SOXX,AVGO,Broadcom Inc.,7.11,8441104.0,,"stockanalysis.com (백업 소스, 운용사 EOD 데이터 재게시)",2026-07-11T05:29:42+00:00
2026-07-11,SOXX,CRDO,Credo Technology Group Holding Ltd,2.16,3880605.0,,"stockanalysis.com (백업 소스, 운용사 EOD 데이터 재게시)",2026-07-11T05:29:42+00:00
2026-07-11,SOXX,ENTG,"Entegris, Inc.",1.09,3556180.0,,"stockanalysis.com (백업 소스, 운용사 EOD 데이터 재게시)",2026-07-11T05:29:42+00:00
2026-07-11,SOXX,INTC,Intel Corporation,5.62,23787443.0,,"stockanalysis.com (백업 소스, 운용사 EOD 데이터 재게시)",2026-07-11T05:29:42+00:00
2026-07-11,SOXX,KLAC,KLA Corporation,4.73,9812167.0,,"stockanalysis.com (백업 소스, 운용사 EOD 데이터 재게시)",2026-07-11T05:29:42+00:00
2026-07-11,SOXX,LRCX,Lam Research Corporation,4.39,5926297.0,,"stockanalysis.com (백업 소스, 운용사 EOD 데이터 재게시)",2026-07-11T05:29:42+00:00
2026-07-11,SOXX,MCHP,Microchip Technology Incorporated,2.31,12468787.0,,"stockanalysis.com (백업 소스, 운용사 EOD 데이터 재게시)",2026-07-11T05:29:42+00:00
2026-07-11,SOXX,MPWR,"Monolithic Power Systems, Inc.",3.21,1111499.0,,"stockanalysis.com (백업 소스, 운용사 EOD 데이터 재게시)",2026-07-11T05:29:42+00:00
2026-07-11,SOXX,MRVL,"Marvell Technology, Inc.",4.7,9198314.0,,"stockanalysis.com (백업 소스, 운용사 EOD 데이터 재게시)",2026-07-11T05:29:42+00:00
2026-07-11,SOXX,MTSI,"MACOM Technology Solutions Holdings, Inc.",1.08,1618934.0,,"stockanalysis.com (백업 소스, 운용사 EOD 데이터 재게시)",2026-07-11T05:29:42+00:00
2026-07-11,SOXX,MU,"Micron Technology, Inc.",8.09,3883864.0,,"stockanalysis.com (백업 소스, 운용사 EOD 데이터 재게시)",2026-07-11T05:29:42+00:00
2026-07-11,SOXX,NVDA,NVIDIA Corporation,7.6,17861352.0,,"stockanalysis.com (백업 소스, 운용사 EOD 데이터 재게시)",2026-07-11T05:29:42+00:00
2026-07-11,SOXX,NXPI,NXP Semiconductors N.V.,3.58,5867776.0,,"stockanalysis.com (백업 소스, 운용사 EOD 데이터 재게시)",2026-07-11T05:29:42+00:00
2026-07-11,SOXX,ON,ON Semiconductor Corporation,1.88,9140306.0,,"stockanalysis.com (백업 소스, 운용사 EOD 데이터 재게시)",2026-07-11T05:29:42+00:00
2026-07-11,SOXX,QCOM,QUALCOMM Incorporated,3.01,7511871.0,,"stockanalysis.com (백업 소스, 운용사 EOD 데이터 재게시)",2026-07-11T05:29:42+00:00
2026-07-11,SOXX,TER,"Teradyne, Inc.",2.78,3649016.0,,"stockanalysis.com (백업 소스, 운용사 EOD 데이터 재게시)",2026-07-11T05:29:42+00:00
2026-07-11,SOXX,TSM,Taiwan Semiconductor Manufacturing Company Limited,4.3,4684285.0,,"stockanalysis.com (백업 소스, 운용사 EOD 데이터 재게시)",2026-07-11T05:29:42+00:00
2026-07-11,SOXX,TXN,Texas Instruments Incorporated,4.0,6168660.0,,"stockanalysis.com (백업 소스, 운용사 EOD 데이터 재게시)",2026-07-11T05:29:42+00:00
2026-07-11,SOXX,UMC,United Microelectronics Corporation,1.02,19607282.0,,"stockanalysis.com (백업 소스, 운용사 EOD 데이터 재게시)",2026-07-11T05:29:42+00:00
2026-07-12,SMH,ADI,"Analog Devices, Inc.",4.23,7709527.0,,"stockanalysis.com (백업 소스, 운용사 EOD 데이터 재게시)",2026-07-12T05:45:18+00:00
2026-07-12,SMH,ALAB,"Astera Labs, Inc.",1.19,2019050.0,,"stockanalysis.com (백업 소스, 운용사 EOD 데이터 재게시)",2026-07-12T05:45:18+00:00
2026-07-12,SMH,AMAT,"Applied Materials, Inc.",5.33,6077118.0,,"stockanalysis.com (백업 소스, 운용사 EOD 데이터 재게시)",2026-07-12T05:45:18+00:00
2026-07-12,SMH,AMD,"Advanced Micro Devices, Inc.",5.58,7418187.0,,"stockanalysis.com (백업 소스, 운용사 EOD 데이터 재게시)",2026-07-12T05:45:18+00:00
2026-07-12,SMH,ARM,Arm Holdings plc,1.15,2516244.0,,"stockanalysis.com (백업 소스, 운용사 EOD 데이터 재게시)",2026-07-12T05:45:18+00:00
2026-07-12,SMH,ASML,ASML Holding N.V.,4.99,1939606.0,,"stockanalysis.com (백업 소스, 운용사 EOD 데이터 재게시)",2026-07-12T05:45:18+00:00
2026-07-12,SMH,AVGO,Broadcom Inc.,5.61,10700777.0,,"stockanalysis.com (백업 소스, 운용사 EOD 데이터 재게시)",2026-07-12T05:45:18+00:00
2026-07-12,SMH,CDNS,"Cadence Design Systems, Inc.",2.38,4386021.0,,"stockanalysis.com (백업 소스, 운용사 EOD 데이터 재게시)",2026-07-12T05:45:18+00:00
2026-07-12,SMH,INTC,Intel Corporation,4.88,27912003.0,,"stockanalysis.com (백업 소스, 운용사 EOD 데이터 재게시)",2026-07-12T05:45:18+00:00
2026-07-12,SMH,KLAC,KLA Corporation,4.73,13802186.0,,"stockanalysis.com (백업 소스, 운용사 EOD 데이터 재게시)",2026-07-12T05:45:18+00:00
2026-07-12,SMH,LRCX,Lam Research Corporation,4.68,9159847.0,,"stockanalysis.com (백업 소스, 운용사 EOD 데이터 재게시)",2026-07-12T05:45:18+00:00
2026-07-12,SMH,MCHP,Microchip Technology Incorporated,0.93,7538747.0,,"stockanalysis.com (백업 소스, 운용사 EOD 데이터 재게시)",2026-07-12T05:45:18+00:00
2026-07-12,SMH,MPWR,"Monolithic Power Systems, Inc.",1.26,675162.0,,"stockanalysis.com (백업 소스, 운용사 EOD 데이터 재게시)",2026-07-12T05:45:18+00:00
2026-07-12,SMH,MRVL,"Marvell Technology, Inc.",4.27,11985054.0,,"stockanalysis.com (백업 소스, 운용사 EOD 데이터 재게시)",2026-07-12T05:45:18+00:00
2026-07-12,SMH,MU,"Micron Technology, Inc.",5.34,3762838.0,,"stockanalysis.com (백업 소스, 운용사 EOD 데이터 재게시)",2026-07-12T05:45:18+00:00
2026-07-12,SMH,NVDA,NVIDIA Corporation,19.01,67132346.0,,"stockanalysis.com (백업 소스, 운용사 EOD 데이터 재게시)",2026-07-12T05:45:18+00:00
2026-07-12,SMH,NXPI,NXP Semiconductors N.V.,1.24,3122625.0,,"stockanalysis.com (백업 소스, 운용사 EOD 데이터 재게시)",2026-07-12T05:45:18+00:00
2026-07-12,SMH,ON,ON Semiconductor Corporation,0.62,4682555.0,,"stockanalysis.com (백업 소스, 운용사 EOD 데이터 재게시)",2026-07-12T05:45:18+00:00
2026-07-12,SMH,QCOM,QUALCOMM Incorporated,3.97,15483836.0,,"stockanalysis.com (백업 소스, 운용사 EOD 데이터 재게시)",2026-07-12T05:45:18+00:00
2026-07-12,SMH,SNPS,"Synopsys, Inc.",1.95,3075477.0,,"stockanalysis.com (백업 소스, 운용사 EOD 데이터 재게시)",2026-07-12T05:45:18+00:00
2026-07-12,SMH,STM,STMicroelectronics N.V.,1.28,12881054.0,,"stockanalysis.com (백업 소스, 운용사 EOD 데이터 재게시)",2026-07-12T05:45:18+00:00
2026-07-12,SMH,SWKS,"Skyworks Solutions, Inc.",0.16,1797082.0,,"stockanalysis.com (백업 소스, 운용사 EOD 데이터 재게시)",2026-07-12T05:45:18+00:00
2026-07-12,SMH,TER,"Teradyne, Inc.",1.27,2366409.0,,"stockanalysis.com (백업 소스, 운용사 EOD 데이터 재게시)",2026-07-12T05:45:18+00:00
2026-07-12,SMH,TSM,Taiwan Semiconductor Manufacturing Company Limited,9.4,14889948.0,,"stockanalysis.com (백업 소스, 운용사 EOD 데이터 재게시)",2026-07-12T05:45:18+00:00
2026-07-12,SMH,TXN,Texas Instruments Incorporated,4.56,10710296.0,,"stockanalysis.com (백업 소스, 운용사 EOD 데이터 재게시)",2026-07-12T05:45:18+00:00
2026-07-12,SOXQ,ADI,"Analog Devices, Inc.",3.8,248305.0,,"stockanalysis.com (백업 소스, 운용사 EOD 데이터 재게시)",2026-07-12T05:45:18+00:00
2026-07-12,SOXQ,ALAB,"Astera Labs, Inc.",2.72,167472.0,,"stockanalysis.com (백업 소스, 운용사 EOD 데이터 재게시)",2026-07-12T05:45:18+00:00
2026-07-12,SOXQ,AMAT,"Applied Materials, Inc.",5.23,228329.0,,"stockanalysis.com (백업 소스, 운용사 EOD 데이터 재게시)",2026-07-12T05:45:18+00:00
2026-07-12,SOXQ,AMD,"Advanced Micro Devices, Inc.",4.23,199109.0,,"stockanalysis.com (백업 소스, 운용사 EOD 데이터 재게시)",2026-07-12T05:45:18+00:00
2026-07-12,SOXQ,ARM,Arm Holdings plc,1.76,138087.0,,"stockanalysis.com (백업 소스, 운용사 EOD 데이터 재게시)",2026-07-12T05:45:18+00:00
2026-07-12,SOXQ,ASML,ASML Holding N.V.,4.47,63710.0,,"stockanalysis.com (백업 소스, 운용사 EOD 데이터 재게시)",2026-07-12T05:45:18+00:00
2026-07-12,SOXQ,AVGO,Broadcom Inc.,8.97,575026.0,,"stockanalysis.com (백업 소스, 운용사 EOD 데이터 재게시)",2026-07-12T05:45:18+00:00
2026-07-12,SOXQ,COHR,Coherent Corp.,2.43,191146.0,,"stockanalysis.com (백업 소스, 운용사 EOD 데이터 재게시)",2026-07-12T05:45:18+00:00
2026-07-12,SOXQ,CRDO,Credo Technology Group Holding Ltd,1.86,180216.0,,"stockanalysis.com (백업 소스, 운용사 EOD 데이터 재게시)",2026-07-12T05:45:18+00:00
2026-07-12,SOXQ,GFS,GLOBALFOUNDRIES Inc.,1.45,536485.0,,"stockanalysis.com (백업 소스, 운용사 EOD 데이터 재게시)",2026-07-12T05:45:18+00:00
2026-07-12,SOXQ,INTC,Intel Corporation,3.92,896070.0,,"stockanalysis.com (백업 소스, 운용사 EOD 데이터 재게시)",2026-07-12T05:45:18+00:00
2026-07-12,SOXQ,KLAC,KLA Corporation,4.77,534740.0,,"stockanalysis.com (백업 소스, 운용사 EOD 데이터 재게시)",2026-07-12T05:45:18+00:00
2026-07-12,SOXQ,LRCX,Lam Research Corporation,4.43,322969.0,,"stockanalysis.com (백업 소스, 운용사 EOD 데이터 재게시)",2026-07-12T05:45:18+00:00
2026-07-12,SOXQ,MCHP,Microchip Technology Incorporated,1.82,529644.0,,"stockanalysis.com (백업 소스, 운용사 EOD 데이터 재게시)",2026-07-12T05:45:18+00:00
2026-07-12,SOXQ,MPWR,"Monolithic Power Systems, Inc.",2.56,48004.0,,"stockanalysis.com (백업 소스, 운용사 EOD 데이터 재게시)",2026-07-12T05:45:18+00:00
2026-07-12,SOXQ,MRVL,"Marvell Technology, Inc.",4.74,501270.0,,"stockanalysis.com (백업 소스, 운용사 EOD 데이터 재게시)",2026-07-12T05:45:18+00:00
2026-07-12,SOXQ,MTSI,"MACOM Technology Solutions Holdings, Inc.",0.92,74548.0,,"stockanalysis.com (백업 소스, 운용사 EOD 데이터 재게시)",2026-07-12T05:45:18+00:00
2026-07-12,SOXQ,MU,"Micron Technology, Inc.",8.16,211659.0,,"stockanalysis.com (백업 소스, 운용사 EOD 데이터 재게시)",2026-07-12T05:45:18+00:00
2026-07-12,SOXQ,NVDA,NVIDIA Corporation,11.51,1460097.0,,"stockanalysis.com (백업 소스, 운용사 EOD 데이터 재게시)",2026-07-12T05:45:18+00:00
2026-07-12,SOXQ,NXPI,NXP Semiconductors N.V.,2.79,246676.0,,"stockanalysis.com (백업 소스, 운용사 EOD 데이터 재게시)",2026-07-12T05:45:18+00:00
2026-07-12,SOXQ,ON,ON Semiconductor Corporation,1.46,382906.0,,"stockanalysis.com (백업 소스, 운용사 EOD 데이터 재게시)",2026-07-12T05:45:18+00:00
2026-07-12,SOXQ,QCOM,QUALCOMM Incorporated,3.04,409370.0,,"stockanalysis.com (백업 소스, 운용사 EOD 데이터 재게시)",2026-07-12T05:45:18+00:00
2026-07-12,SOXQ,TER,"Teradyne, Inc.",2.16,152956.0,,"stockanalysis.com (백업 소스, 운용사 EOD 데이터 재게시)",2026-07-12T05:45:18+00:00
2026-07-12,SOXQ,TSM,Taiwan Semiconductor Manufacturing Company Limited,4.17,245574.0,,"stockanalysis.com (백업 소스, 운용사 EOD 데이터 재게시)",2026-07-12T05:45:18+00:00
2026-07-12,SOXQ,TXN,Texas Instruments Incorporated,4.03,336171.0,,"stockanalysis.com (백업 소스, 운용사 EOD 데이터 재게시)",2026-07-12T05:45:18+00:00
2026-07-12,SOXX,ADI,"Analog Devices, Inc.",3.77,4556398.0,,"stockanalysis.com (백업 소스, 운용사 EOD 데이터 재게시)",2026-07-12T05:45:18+00:00
2026-07-12,SOXX,ALAB,"Astera Labs, Inc.",2.88,3283153.0,,"stockanalysis.com (백업 소스, 운용사 EOD 데이터 재게시)",2026-07-12T05:45:18+00:00
2026-07-12,SOXX,AMAT,"Applied Materials, Inc.",5.18,4189768.0,,"stockanalysis.com (백업 소스, 운용사 EOD 데이터 재게시)",2026-07-12T05:45:18+00:00
2026-07-12,SOXX,AMD,"Advanced Micro Devices, Inc.",8.39,7307222.0,,"stockanalysis.com (백업 소스, 운용사 EOD 데이터 재게시)",2026-07-12T05:45:18+00:00
2026-07-12,SOXX,ASML,ASML Holding N.V.,2.3,607687.0,,"stockanalysis.com (백업 소스, 운용사 EOD 데이터 재게시)",2026-07-12T05:45:18+00:00
2026-07-12,SOXX,ASX,"ASE Technology Holding Co., Ltd.",1.28,14143084.0,,"stockanalysis.com (백업 소스, 운용사 EOD 데이터 재게시)",2026-07-12T05:45:18+00:00
2026-07-12,SOXX,AVGO,Broadcom Inc.,7.11,8441104.0,,"stockanalysis.com (백업 소스, 운용사 EOD 데이터 재게시)",2026-07-12T05:45:18+00:00
2026-07-12,SOXX,CRDO,Credo Technology Group Holding Ltd,2.16,3880605.0,,"stockanalysis.com (백업 소스, 운용사 EOD 데이터 재게시)",2026-07-12T05:45:18+00:00
2026-07-12,SOXX,ENTG,"Entegris, Inc.",1.09,3556180.0,,"stockanalysis.com (백업 소스, 운용사 EOD 데이터 재게시)",2026-07-12T05:45:18+00:00
2026-07-12,SOXX,INTC,Intel Corporation,5.62,23787443.0,,"stockanalysis.com (백업 소스, 운용사 EOD 데이터 재게시)",2026-07-12T05:45:18+00:00
2026-07-12,SOXX,KLAC,KLA Corporation,4.73,9812167.0,,"stockanalysis.com (백업 소스, 운용사 EOD 데이터 재게시)",2026-07-12T05:45:18+00:00
2026-07-12,SOXX,LRCX,Lam Research Corporation,4.39,5926297.0,,"stockanalysis.com (백업 소스, 운용사 EOD 데이터 재게시)",2026-07-12T05:45:18+00:00
2026-07-12,SOXX,MCHP,Microchip Technology Incorporated,2.31,12468787.0,,"stockanalysis.com (백업 소스, 운용사 EOD 데이터 재게시)",2026-07-12T05:45:18+00:00
2026-07-12,SOXX,MPWR,"Monolithic Power Systems, Inc.",3.21,1111499.0,,"stockanalysis.com (백업 소스, 운용사 EOD 데이터 재게시)",2026-07-12T05:45:18+00:00
2026-07-12,SOXX,MRVL,"Marvell Technology, Inc.",4.7,9198314.0,,"stockanalysis.com (백업 소스, 운용사 EOD 데이터 재게시)",2026-07-12T05:45:18+00:00
2026-07-12,SOXX,MTSI,"MACOM Technology Solutions Holdings, Inc.",1.08,1618934.0,,"stockanalysis.com (백업 소스, 운용사 EOD 데이터 재게시)",2026-07-12T05:45:18+00:00
2026-07-12,SOXX,MU,"Micron Technology, Inc.",8.09,3883864.0,,"stockanalysis.com (백업 소스, 운용사 EOD 데이터 재게시)",2026-07-12T05:45:18+00:00
2026-07-12,SOXX,NVDA,NVIDIA Corporation,7.6,17861352.0,,"stockanalysis.com (백업 소스, 운용사 EOD 데이터 재게시)",2026-07-12T05:45:18+00:00
2026-07-12,SOXX,NXPI,NXP Semiconductors N.V.,3.58,5867776.0,,"stockanalysis.com (백업 소스, 운용사 EOD 데이터 재게시)",2026-07-12T05:45:18+00:00
2026-07-12,SOXX,ON,ON Semiconductor Corporation,1.88,9140306.0,,"stockanalysis.com (백업 소스, 운용사 EOD 데이터 재게시)",2026-07-12T05:45:18+00:00
2026-07-12,SOXX,QCOM,QUALCOMM Incorporated,3.01,7511871.0,,"stockanalysis.com (백업 소스, 운용사 EOD 데이터 재게시)",2026-07-12T05:45:18+00:00
2026-07-12,SOXX,TER,"Teradyne, Inc.",2.78,3649016.0,,"stockanalysis.com (백업 소스, 운용사 EOD 데이터 재게시)",2026-07-12T05:45:18+00:00
2026-07-12,SOXX,TSM,Taiwan Semiconductor Manufacturing Company Limited,4.3,4684285.0,,"stockanalysis.com (백업 소스, 운용사 EOD 데이터 재게시)",2026-07-12T05:45:18+00:00
2026-07-12,SOXX,TXN,Texas Instruments Incorporated,4.0,6168660.0,,"stockanalysis.com (백업 소스, 운용사 EOD 데이터 재게시)",2026-07-12T05:45:18+00:00
2026-07-12,SOXX,UMC,United Microelectronics Corporation,1.02,19607282.0,,"stockanalysis.com (백업 소스, 운용사 EOD 데이터 재게시)",2026-07-12T05:45:18+00:00
2026-07-13,SMH,ADI,"Analog Devices, Inc.",4.23,7709527.0,,"stockanalysis.com (백업 소스, 운용사 EOD 데이터 재게시)",2026-07-13T05:55:37+00:00
2026-07-13,SMH,ALAB,"Astera Labs, Inc.",1.19,2019050.0,,"stockanalysis.com (백업 소스, 운용사 EOD 데이터 재게시)",2026-07-13T05:55:37+00:00
2026-07-13,SMH,AMAT,"Applied Materials, Inc.",5.33,6077118.0,,"stockanalysis.com (백업 소스, 운용사 EOD 데이터 재게시)",2026-07-13T05:55:37+00:00
2026-07-13,SMH,AMD,"Advanced Micro Devices, Inc.",5.58,7418187.0,,"stockanalysis.com (백업 소스, 운용사 EOD 데이터 재게시)",2026-07-13T05:55:37+00:00
2026-07-13,SMH,ARM,Arm Holdings plc,1.15,2516244.0,,"stockanalysis.com (백업 소스, 운용사 EOD 데이터 재게시)",2026-07-13T05:55:37+00:00
2026-07-13,SMH,ASML,ASML Holding N.V.,4.99,1939606.0,,"stockanalysis.com (백업 소스, 운용사 EOD 데이터 재게시)",2026-07-13T05:55:37+00:00
2026-07-13,SMH,AVGO,Broadcom Inc.,5.61,10700777.0,,"stockanalysis.com (백업 소스, 운용사 EOD 데이터 재게시)",2026-07-13T05:55:37+00:00
2026-07-13,SMH,CDNS,"Cadence Design Systems, Inc.",2.38,4386021.0,,"stockanalysis.com (백업 소스, 운용사 EOD 데이터 재게시)",2026-07-13T05:55:37+00:00
2026-07-13,SMH,INTC,Intel Corporation,4.88,27912003.0,,"stockanalysis.com (백업 소스, 운용사 EOD 데이터 재게시)",2026-07-13T05:55:37+00:00
2026-07-13,SMH,KLAC,KLA Corporation,4.73,13802186.0,,"stockanalysis.com (백업 소스, 운용사 EOD 데이터 재게시)",2026-07-13T05:55:37+00:00
2026-07-13,SMH,LRCX,Lam Research Corporation,4.68,9159847.0,,"stockanalysis.com (백업 소스, 운용사 EOD 데이터 재게시)",2026-07-13T05:55:37+00:00
2026-07-13,SMH,MCHP,Microchip Technology Incorporated,0.93,7538747.0,,"stockanalysis.com (백업 소스, 운용사 EOD 데이터 재게시)",2026-07-13T05:55:37+00:00
2026-07-13,SMH,MPWR,"Monolithic Power Systems, Inc.",1.26,675162.0,,"stockanalysis.com (백업 소스, 운용사 EOD 데이터 재게시)",2026-07-13T05:55:37+00:00
2026-07-13,SMH,MRVL,"Marvell Technology, Inc.",4.27,11985054.0,,"stockanalysis.com (백업 소스, 운용사 EOD 데이터 재게시)",2026-07-13T05:55:37+00:00
2026-07-13,SMH,MU,"Micron Technology, Inc.",5.34,3762838.0,,"stockanalysis.com (백업 소스, 운용사 EOD 데이터 재게시)",2026-07-13T05:55:37+00:00
2026-07-13,SMH,NVDA,NVIDIA Corporation,19.01,67132346.0,,"stockanalysis.com (백업 소스, 운용사 EOD 데이터 재게시)",2026-07-13T05:55:37+00:00
2026-07-13,SMH,NXPI,NXP Semiconductors N.V.,1.24,3122625.0,,"stockanalysis.com (백업 소스, 운용사 EOD 데이터 재게시)",2026-07-13T05:55:37+00:00
2026-07-13,SMH,ON,ON Semiconductor Corporation,0.62,4682555.0,,"stockanalysis.com (백업 소스, 운용사 EOD 데이터 재게시)",2026-07-13T05:55:37+00:00
2026-07-13,SMH,QCOM,QUALCOMM Incorporated,3.97,15483836.0,,"stockanalysis.com (백업 소스, 운용사 EOD 데이터 재게시)",2026-07-13T05:55:37+00:00
2026-07-13,SMH,SNPS,"Synopsys, Inc.",1.95,3075477.0,,"stockanalysis.com (백업 소스, 운용사 EOD 데이터 재게시)",2026-07-13T05:55:37+00:00
2026-07-13,SMH,STM,STMicroelectronics N.V.,1.28,12881054.0,,"stockanalysis.com (백업 소스, 운용사 EOD 데이터 재게시)",2026-07-13T05:55:37+00:00
2026-07-13,SMH,SWKS,"Skyworks Solutions, Inc.",0.16,1797082.0,,"stockanalysis.com (백업 소스, 운용사 EOD 데이터 재게시)",2026-07-13T05:55:37+00:00
2026-07-13,SMH,TER,"Teradyne, Inc.",1.27,2366409.0,,"stockanalysis.com (백업 소스, 운용사 EOD 데이터 재게시)",2026-07-13T05:55:37+00:00
2026-07-13,SMH,TSM,Taiwan Semiconductor Manufacturing Company Limited,9.4,14889948.0,,"stockanalysis.com (백업 소스, 운용사 EOD 데이터 재게시)",2026-07-13T05:55:37+00:00
2026-07-13,SMH,TXN,Texas Instruments Incorporated,4.56,10710296.0,,"stockanalysis.com (백업 소스, 운용사 EOD 데이터 재게시)",2026-07-13T05:55:37+00:00
2026-07-13,SOXQ,ADI,"Analog Devices, Inc.",3.8,248305.0,,"stockanalysis.com (백업 소스, 운용사 EOD 데이터 재게시)",2026-07-13T05:55:37+00:00
2026-07-13,SOXQ,ALAB,"Astera Labs, Inc.",2.72,167472.0,,"stockanalysis.com (백업 소스, 운용사 EOD 데이터 재게시)",2026-07-13T05:55:37+00:00
2026-07-13,SOXQ,AMAT,"Applied Materials, Inc.",5.23,228329.0,,"stockanalysis.com (백업 소스, 운용사 EOD 데이터 재게시)",2026-07-13T05:55:37+00:00
2026-07-13,SOXQ,AMD,"Advanced Micro Devices, Inc.",4.23,199109.0,,"stockanalysis.com (백업 소스, 운용사 EOD 데이터 재게시)",2026-07-13T05:55:37+00:00
2026-07-13,SOXQ,ARM,Arm Holdings plc,1.76,138087.0,,"stockanalysis.com (백업 소스, 운용사 EOD 데이터 재게시)",2026-07-13T05:55:37+00:00
2026-07-13,SOXQ,ASML,ASML Holding N.V.,4.47,63710.0,,"stockanalysis.com (백업 소스, 운용사 EOD 데이터 재게시)",2026-07-13T05:55:37+00:00
2026-07-13,SOXQ,AVGO,Broadcom Inc.,8.97,575026.0,,"stockanalysis.com (백업 소스, 운용사 EOD 데이터 재게시)",2026-07-13T05:55:37+00:00
2026-07-13,SOXQ,COHR,Coherent Corp.,2.43,191146.0,,"stockanalysis.com (백업 소스, 운용사 EOD 데이터 재게시)",2026-07-13T05:55:37+00:00
2026-07-13,SOXQ,CRDO,Credo Technology Group Holding Ltd,1.86,180216.0,,"stockanalysis.com (백업 소스, 운용사 EOD 데이터 재게시)",2026-07-13T05:55:37+00:00
2026-07-13,SOXQ,GFS,GLOBALFOUNDRIES Inc.,1.45,536485.0,,"stockanalysis.com (백업 소스, 운용사 EOD 데이터 재게시)",2026-07-13T05:55:37+00:00
2026-07-13,SOXQ,INTC,Intel Corporation,3.92,896070.0,,"stockanalysis.com (백업 소스, 운용사 EOD 데이터 재게시)",2026-07-13T05:55:37+00:00
2026-07-13,SOXQ,KLAC,KLA Corporation,4.77,534740.0,,"stockanalysis.com (백업 소스, 운용사 EOD 데이터 재게시)",2026-07-13T05:55:37+00:00
2026-07-13,SOXQ,LRCX,Lam Research Corporation,4.43,322969.0,,"stockanalysis.com (백업 소스, 운용사 EOD 데이터 재게시)",2026-07-13T05:55:37+00:00
2026-07-13,SOXQ,MCHP,Microchip Technology Incorporated,1.82,529644.0,,"stockanalysis.com (백업 소스, 운용사 EOD 데이터 재게시)",2026-07-13T05:55:37+00:00
2026-07-13,SOXQ,MPWR,"Monolithic Power Systems, Inc.",2.56,48004.0,,"stockanalysis.com (백업 소스, 운용사 EOD 데이터 재게시)",2026-07-13T05:55:37+00:00
2026-07-13,SOXQ,MRVL,"Marvell Technology, Inc.",4.74,501270.0,,"stockanalysis.com (백업 소스, 운용사 EOD 데이터 재게시)",2026-07-13T05:55:37+00:00
2026-07-13,SOXQ,MTSI,"MACOM Technology Solutions Holdings, Inc.",0.92,74548.0,,"stockanalysis.com (백업 소스, 운용사 EOD 데이터 재게시)",2026-07-13T05:55:37+00:00
2026-07-13,SOXQ,MU,"Micron Technology, Inc.",8.16,211659.0,,"stockanalysis.com (백업 소스, 운용사 EOD 데이터 재게시)",2026-07-13T05:55:37+00:00
2026-07-13,SOXQ,NVDA,NVIDIA Corporation,11.51,1460097.0,,"stockanalysis.com (백업 소스, 운용사 EOD 데이터 재게시)",2026-07-13T05:55:37+00:00
2026-07-13,SOXQ,NXPI,NXP Semiconductors N.V.,2.79,246676.0,,"stockanalysis.com (백업 소스, 운용사 EOD 데이터 재게시)",2026-07-13T05:55:37+00:00
2026-07-13,SOXQ,ON,ON Semiconductor Corporation,1.46,382906.0,,"stockanalysis.com (백업 소스, 운용사 EOD 데이터 재게시)",2026-07-13T05:55:37+00:00
2026-07-13,SOXQ,QCOM,QUALCOMM Incorporated,3.04,409370.0,,"stockanalysis.com (백업 소스, 운용사 EOD 데이터 재게시)",2026-07-13T05:55:37+00:00
2026-07-13,SOXQ,TER,"Teradyne, Inc.",2.16,152956.0,,"stockanalysis.com (백업 소스, 운용사 EOD 데이터 재게시)",2026-07-13T05:55:37+00:00
2026-07-13,SOXQ,TSM,Taiwan Semiconductor Manufacturing Company Limited,4.17,245574.0,,"stockanalysis.com (백업 소스, 운용사 EOD 데이터 재게시)",2026-07-13T05:55:37+00:00
2026-07-13,SOXQ,TXN,Texas Instruments Incorporated,4.03,336171.0,,"stockanalysis.com (백업 소스, 운용사 EOD 데이터 재게시)",2026-07-13T05:55:37+00:00
2026-07-13,SOXX,ADI,"Analog Devices, Inc.",3.77,4556398.0,,"stockanalysis.com (백업 소스, 운용사 EOD 데이터 재게시)",2026-07-13T05:55:37+00:00
2026-07-13,SOXX,ALAB,"Astera Labs, Inc.",2.88,3283153.0,,"stockanalysis.com (백업 소스, 운용사 EOD 데이터 재게시)",2026-07-13T05:55:37+00:00
2026-07-13,SOXX,AMAT,"Applied Materials, Inc.",5.18,4189768.0,,"stockanalysis.com (백업 소스, 운용사 EOD 데이터 재게시)",2026-07-13T05:55:37+00:00
2026-07-13,SOXX,AMD,"Advanced Micro Devices, Inc.",8.39,7307222.0,,"stockanalysis.com (백업 소스, 운용사 EOD 데이터 재게시)",2026-07-13T05:55:37+00:00
2026-07-13,SOXX,ASML,ASML Holding N.V.,2.3,607687.0,,"stockanalysis.com (백업 소스, 운용사 EOD 데이터 재게시)",2026-07-13T05:55:37+00:00
2026-07-13,SOXX,ASX,"ASE Technology Holding Co., Ltd.",1.28,14143084.0,,"stockanalysis.com (백업 소스, 운용사 EOD 데이터 재게시)",2026-07-13T05:55:37+00:00
2026-07-13,SOXX,AVGO,Broadcom Inc.,7.11,8441104.0,,"stockanalysis.com (백업 소스, 운용사 EOD 데이터 재게시)",2026-07-13T05:55:37+00:00
2026-07-13,SOXX,CRDO,Credo Technology Group Holding Ltd,2.16,3880605.0,,"stockanalysis.com (백업 소스, 운용사 EOD 데이터 재게시)",2026-07-13T05:55:37+00:00
2026-07-13,SOXX,ENTG,"Entegris, Inc.",1.09,3556180.0,,"stockanalysis.com (백업 소스, 운용사 EOD 데이터 재게시)",2026-07-13T05:55:37+00:00
2026-07-13,SOXX,INTC,Intel Corporation,5.62,23787443.0,,"stockanalysis.com (백업 소스, 운용사 EOD 데이터 재게시)",2026-07-13T05:55:37+00:00
2026-07-13,SOXX,KLAC,KLA Corporation,4.73,9812167.0,,"stockanalysis.com (백업 소스, 운용사 EOD 데이터 재게시)",2026-07-13T05:55:37+00:00
2026-07-13,SOXX,LRCX,Lam Research Corporation,4.39,5926297.0,,"stockanalysis.com (백업 소스, 운용사 EOD 데이터 재게시)",2026-07-13T05:55:37+00:00
2026-07-13,SOXX,MCHP,Microchip Technology Incorporated,2.31,12468787.0,,"stockanalysis.com (백업 소스, 운용사 EOD 데이터 재게시)",2026-07-13T05:55:37+00:00
2026-07-13,SOXX,MPWR,"Monolithic Power Systems, Inc.",3.21,1111499.0,,"stockanalysis.com (백업 소스, 운용사 EOD 데이터 재게시)",2026-07-13T05:55:37+00:00
2026-07-13,SOXX,MRVL,"Marvell Technology, Inc.",4.7,9198314.0,,"stockanalysis.com (백업 소스, 운용사 EOD 데이터 재게시)",2026-07-13T05:55:37+00:00
2026-07-13,SOXX,MTSI,"MACOM Technology Solutions Holdings, Inc.",1.08,1618934.0,,"stockanalysis.com (백업 소스, 운용사 EOD 데이터 재게시)",2026-07-13T05:55:37+00:00
2026-07-13,SOXX,MU,"Micron Technology, Inc.",8.09,3883864.0,,"stockanalysis.com (백업 소스, 운용사 EOD 데이터 재게시)",2026-07-13T05:55:37+00:00
2026-07-13,SOXX,NVDA,NVIDIA Corporation,7.6,17861352.0,,"stockanalysis.com (백업 소스, 운용사 EOD 데이터 재게시)",2026-07-13T05:55:37+00:00
2026-07-13,SOXX,NXPI,NXP Semiconductors N.V.,3.58,5867776.0,,"stockanalysis.com (백업 소스, 운용사 EOD 데이터 재게시)",2026-07-13T05:55:37+00:00
2026-07-13,SOXX,ON,ON Semiconductor Corporation,1.88,9140306.0,,"stockanalysis.com (백업 소스, 운용사 EOD 데이터 재게시)",2026-07-13T05:55:37+00:00
2026-07-13,SOXX,QCOM,QUALCOMM Incorporated,3.01,7511871.0,,"stockanalysis.com (백업 소스, 운용사 EOD 데이터 재게시)",2026-07-13T05:55:37+00:00
2026-07-13,SOXX,TER,"Teradyne, Inc.",2.78,3649016.0,,"stockanalysis.com (백업 소스, 운용사 EOD 데이터 재게시)",2026-07-13T05:55:37+00:00
2026-07-13,SOXX,TSM,Taiwan Semiconductor Manufacturing Company Limited,4.3,4684285.0,,"stockanalysis.com (백업 소스, 운용사 EOD 데이터 재게시)",2026-07-13T05:55:37+00:00
2026-07-13,SOXX,TXN,Texas Instruments Incorporated,4.0,6168660.0,,"stockanalysis.com (백업 소스, 운용사 EOD 데이터 재게시)",2026-07-13T05:55:37+00:00
2026-07-13,SOXX,UMC,United Microelectronics Corporation,1.02,19607282.0,,"stockanalysis.com (백업 소스, 운용사 EOD 데이터 재게시)",2026-07-13T05:55:37+00:00
2026-07-14,SMH,ADI,"Analog Devices, Inc.",4.23,7709527.0,,"stockanalysis.com (백업 소스, 운용사 EOD 데이터 재게시)",2026-07-14T05:18:02+00:00
2026-07-14,SMH,ALAB,"Astera Labs, Inc.",1.19,2019050.0,,"stockanalysis.com (백업 소스, 운용사 EOD 데이터 재게시)",2026-07-14T05:18:02+00:00
2026-07-14,SMH,AMAT,"Applied Materials, Inc.",5.33,6077118.0,,"stockanalysis.com (백업 소스, 운용사 EOD 데이터 재게시)",2026-07-14T05:18:02+00:00
2026-07-14,SMH,AMD,"Advanced Micro Devices, Inc.",5.58,7418187.0,,"stockanalysis.com (백업 소스, 운용사 EOD 데이터 재게시)",2026-07-14T05:18:02+00:00
2026-07-14,SMH,ARM,Arm Holdings plc,1.15,2516244.0,,"stockanalysis.com (백업 소스, 운용사 EOD 데이터 재게시)",2026-07-14T05:18:02+00:00
2026-07-14,SMH,ASML,ASML Holding N.V.,4.99,1939606.0,,"stockanalysis.com (백업 소스, 운용사 EOD 데이터 재게시)",2026-07-14T05:18:02+00:00
2026-07-14,SMH,AVGO,Broadcom Inc.,5.61,10700777.0,,"stockanalysis.com (백업 소스, 운용사 EOD 데이터 재게시)",2026-07-14T05:18:02+00:00
2026-07-14,SMH,CDNS,"Cadence Design Systems, Inc.",2.38,4386021.0,,"stockanalysis.com (백업 소스, 운용사 EOD 데이터 재게시)",2026-07-14T05:18:02+00:00
2026-07-14,SMH,INTC,Intel Corporation,4.88,27912003.0,,"stockanalysis.com (백업 소스, 운용사 EOD 데이터 재게시)",2026-07-14T05:18:02+00:00
2026-07-14,SMH,KLAC,KLA Corporation,4.73,13802186.0,,"stockanalysis.com (백업 소스, 운용사 EOD 데이터 재게시)",2026-07-14T05:18:02+00:00
2026-07-14,SMH,LRCX,Lam Research Corporation,4.68,9159847.0,,"stockanalysis.com (백업 소스, 운용사 EOD 데이터 재게시)",2026-07-14T05:18:02+00:00
2026-07-14,SMH,MCHP,Microchip Technology Incorporated,0.93,7538747.0,,"stockanalysis.com (백업 소스, 운용사 EOD 데이터 재게시)",2026-07-14T05:18:02+00:00
2026-07-14,SMH,MPWR,"Monolithic Power Systems, Inc.",1.26,675162.0,,"stockanalysis.com (백업 소스, 운용사 EOD 데이터 재게시)",2026-07-14T05:18:02+00:00
2026-07-14,SMH,MRVL,"Marvell Technology, Inc.",4.27,11985054.0,,"stockanalysis.com (백업 소스, 운용사 EOD 데이터 재게시)",2026-07-14T05:18:02+00:00
2026-07-14,SMH,MU,"Micron Technology, Inc.",5.34,3762838.0,,"stockanalysis.com (백업 소스, 운용사 EOD 데이터 재게시)",2026-07-14T05:18:02+00:00
2026-07-14,SMH,NVDA,NVIDIA Corporation,19.01,67132346.0,,"stockanalysis.com (백업 소스, 운용사 EOD 데이터 재게시)",2026-07-14T05:18:02+00:00
2026-07-14,SMH,NXPI,NXP Semiconductors N.V.,1.24,3122625.0,,"stockanalysis.com (백업 소스, 운용사 EOD 데이터 재게시)",2026-07-14T05:18:02+00:00
2026-07-14,SMH,ON,ON Semiconductor Corporation,0.62,4682555.0,,"stockanalysis.com (백업 소스, 운용사 EOD 데이터 재게시)",2026-07-14T05:18:02+00:00
2026-07-14,SMH,QCOM,QUALCOMM Incorporated,3.97,15483836.0,,"stockanalysis.com (백업 소스, 운용사 EOD 데이터 재게시)",2026-07-14T05:18:02+00:00
2026-07-14,SMH,SNPS,"Synopsys, Inc.",1.95,3075477.0,,"stockanalysis.com (백업 소스, 운용사 EOD 데이터 재게시)",2026-07-14T05:18:02+00:00
2026-07-14,SMH,STM,STMicroelectronics N.V.,1.28,12881054.0,,"stockanalysis.com (백업 소스, 운용사 EOD 데이터 재게시)",2026-07-14T05:18:02+00:00
2026-07-14,SMH,SWKS,"Skyworks Solutions, Inc.",0.16,1797082.0,,"stockanalysis.com (백업 소스, 운용사 EOD 데이터 재게시)",2026-07-14T05:18:02+00:00
2026-07-14,SMH,TER,"Teradyne, Inc.",1.27,2366409.0,,"stockanalysis.com (백업 소스, 운용사 EOD 데이터 재게시)",2026-07-14T05:18:02+00:00
2026-07-14,SMH,TSM,Taiwan Semiconductor Manufacturing Company Limited,9.4,14889948.0,,"stockanalysis.com (백업 소스, 운용사 EOD 데이터 재게시)",2026-07-14T05:18:02+00:00
2026-07-14,SMH,TXN,Texas Instruments Incorporated,4.56,10710296.0,,"stockanalysis.com (백업 소스, 운용사 EOD 데이터 재게시)",2026-07-14T05:18:02+00:00
2026-07-14,SOXQ,ADI,"Analog Devices, Inc.",3.8,248305.0,,"stockanalysis.com (백업 소스, 운용사 EOD 데이터 재게시)",2026-07-14T05:18:02+00:00
2026-07-14,SOXQ,ALAB,"Astera Labs, Inc.",2.72,167472.0,,"stockanalysis.com (백업 소스, 운용사 EOD 데이터 재게시)",2026-07-14T05:18:02+00:00
2026-07-14,SOXQ,AMAT,"Applied Materials, Inc.",5.23,228329.0,,"stockanalysis.com (백업 소스, 운용사 EOD 데이터 재게시)",2026-07-14T05:18:02+00:00
2026-07-14,SOXQ,AMD,"Advanced Micro Devices, Inc.",4.23,199109.0,,"stockanalysis.com (백업 소스, 운용사 EOD 데이터 재게시)",2026-07-14T05:18:02+00:00
2026-07-14,SOXQ,ARM,Arm Holdings plc,1.76,138087.0,,"stockanalysis.com (백업 소스, 운용사 EOD 데이터 재게시)",2026-07-14T05:18:02+00:00
2026-07-14,SOXQ,ASML,ASML Holding N.V.,4.47,63710.0,,"stockanalysis.com (백업 소스, 운용사 EOD 데이터 재게시)",2026-07-14T05:18:02+00:00
2026-07-14,SOXQ,AVGO,Broadcom Inc.,8.97,575026.0,,"stockanalysis.com (백업 소스, 운용사 EOD 데이터 재게시)",2026-07-14T05:18:02+00:00
2026-07-14,SOXQ,COHR,Coherent Corp.,2.43,191146.0,,"stockanalysis.com (백업 소스, 운용사 EOD 데이터 재게시)",2026-07-14T05:18:02+00:00
2026-07-14,SOXQ,CRDO,Credo Technology Group Holding Ltd,1.86,180216.0,,"stockanalysis.com (백업 소스, 운용사 EOD 데이터 재게시)",2026-07-14T05:18:02+00:00
2026-07-14,SOXQ,GFS,GLOBALFOUNDRIES Inc.,1.45,536485.0,,"stockanalysis.com (백업 소스, 운용사 EOD 데이터 재게시)",2026-07-14T05:18:02+00:00
2026-07-14,SOXQ,INTC,Intel Corporation,3.92,896070.0,,"stockanalysis.com (백업 소스, 운용사 EOD 데이터 재게시)",2026-07-14T05:18:02+00:00
2026-07-14,SOXQ,KLAC,KLA Corporation,4.77,534740.0,,"stockanalysis.com (백업 소스, 운용사 EOD 데이터 재게시)",2026-07-14T05:18:02+00:00
2026-07-14,SOXQ,LRCX,Lam Research Corporation,4.43,322969.0,,"stockanalysis.com (백업 소스, 운용사 EOD 데이터 재게시)",2026-07-14T05:18:02+00:00
2026-07-14,SOXQ,MCHP,Microchip Technology Incorporated,1.82,529644.0,,"stockanalysis.com (백업 소스, 운용사 EOD 데이터 재게시)",2026-07-14T05:18:02+00:00
2026-07-14,SOXQ,MPWR,"Monolithic Power Systems, Inc.",2.56,48004.0,,"stockanalysis.com (백업 소스, 운용사 EOD 데이터 재게시)",2026-07-14T05:18:02+00:00
2026-07-14,SOXQ,MRVL,"Marvell Technology, Inc.",4.74,501270.0,,"stockanalysis.com (백업 소스, 운용사 EOD 데이터 재게시)",2026-07-14T05:18:02+00:00
2026-07-14,SOXQ,MTSI,"MACOM Technology Solutions Holdings, Inc.",0.92,74548.0,,"stockanalysis.com (백업 소스, 운용사 EOD 데이터 재게시)",2026-07-14T05:18:02+00:00
2026-07-14,SOXQ,MU,"Micron Technology, Inc.",8.16,211659.0,,"stockanalysis.com (백업 소스, 운용사 EOD 데이터 재게시)",2026-07-14T05:18:02+00:00
2026-07-14,SOXQ,NVDA,NVIDIA Corporation,11.51,1460097.0,,"stockanalysis.com (백업 소스, 운용사 EOD 데이터 재게시)",2026-07-14T05:18:02+00:00
2026-07-14,SOXQ,NXPI,NXP Semiconductors N.V.,2.79,246676.0,,"stockanalysis.com (백업 소스, 운용사 EOD 데이터 재게시)",2026-07-14T05:18:02+00:00
2026-07-14,SOXQ,ON,ON Semiconductor Corporation,1.46,382906.0,,"stockanalysis.com (백업 소스, 운용사 EOD 데이터 재게시)",2026-07-14T05:18:02+00:00
2026-07-14,SOXQ,QCOM,QUALCOMM Incorporated,3.04,409370.0,,"stockanalysis.com (백업 소스, 운용사 EOD 데이터 재게시)",2026-07-14T05:18:02+00:00
2026-07-14,SOXQ,TER,"Teradyne, Inc.",2.16,152956.0,,"stockanalysis.com (백업 소스, 운용사 EOD 데이터 재게시)",2026-07-14T05:18:02+00:00
2026-07-14,SOXQ,TSM,Taiwan Semiconductor Manufacturing Company Limited,4.17,245574.0,,"stockanalysis.com (백업 소스, 운용사 EOD 데이터 재게시)",2026-07-14T05:18:02+00:00
2026-07-14,SOXQ,TXN,Texas Instruments Incorporated,4.03,336171.0,,"stockanalysis.com (백업 소스, 운용사 EOD 데이터 재게시)",2026-07-14T05:18:02+00:00
2026-07-14,SOXX,ADI,"Analog Devices, Inc.",3.77,4556398.0,,"stockanalysis.com (백업 소스, 운용사 EOD 데이터 재게시)",2026-07-14T05:18:02+00:00
2026-07-14,SOXX,ALAB,"Astera Labs, Inc.",2.88,3283153.0,,"stockanalysis.com (백업 소스, 운용사 EOD 데이터 재게시)",2026-07-14T05:18:02+00:00
2026-07-14,SOXX,AMAT,"Applied Materials, Inc.",5.18,4189768.0,,"stockanalysis.com (백업 소스, 운용사 EOD 데이터 재게시)",2026-07-14T05:18:02+00:00
2026-07-14,SOXX,AMD,"Advanced Micro Devices, Inc.",8.39,7307222.0,,"stockanalysis.com (백업 소스, 운용사 EOD 데이터 재게시)",2026-07-14T05:18:02+00:00
2026-07-14,SOXX,ASML,ASML Holding N.V.,2.3,607687.0,,"stockanalysis.com (백업 소스, 운용사 EOD 데이터 재게시)",2026-07-14T05:18:02+00:00
2026-07-14,SOXX,ASX,"ASE Technology Holding Co., Ltd.",1.28,14143084.0,,"stockanalysis.com (백업 소스, 운용사 EOD 데이터 재게시)",2026-07-14T05:18:02+00:00
2026-07-14,SOXX,AVGO,Broadcom Inc.,7.11,8441104.0,,"stockanalysis.com (백업 소스, 운용사 EOD 데이터 재게시)",2026-07-14T05:18:02+00:00
2026-07-14,SOXX,CRDO,Credo Technology Group Holding Ltd,2.16,3880605.0,,"stockanalysis.com (백업 소스, 운용사 EOD 데이터 재게시)",2026-07-14T05:18:02+00:00
2026-07-14,SOXX,ENTG,"Entegris, Inc.",1.09,3556180.0,,"stockanalysis.com (백업 소스, 운용사 EOD 데이터 재게시)",2026-07-14T05:18:02+00:00
2026-07-14,SOXX,INTC,Intel Corporation,5.62,23787443.0,,"stockanalysis.com (백업 소스, 운용사 EOD 데이터 재게시)",2026-07-14T05:18:02+00:00
2026-07-14,SOXX,KLAC,KLA Corporation,4.73,9812167.0,,"stockanalysis.com (백업 소스, 운용사 EOD 데이터 재게시)",2026-07-14T05:18:02+00:00
2026-07-14,SOXX,LRCX,Lam Research Corporation,4.39,5926297.0,,"stockanalysis.com (백업 소스, 운용사 EOD 데이터 재게시)",2026-07-14T05:18:02+00:00
2026-07-14,SOXX,MCHP,Microchip Technology Incorporated,2.31,12468787.0,,"stockanalysis.com (백업 소스, 운용사 EOD 데이터 재게시)",2026-07-14T05:18:02+00:00
2026-07-14,SOXX,MPWR,"Monolithic Power Systems, Inc.",3.21,1111499.0,,"stockanalysis.com (백업 소스, 운용사 EOD 데이터 재게시)",2026-07-14T05:18:02+00:00
2026-07-14,SOXX,MRVL,"Marvell Technology, Inc.",4.7,9198314.0,,"stockanalysis.com (백업 소스, 운용사 EOD 데이터 재게시)",2026-07-14T05:18:02+00:00
2026-07-14,SOXX,MTSI,"MACOM Technology Solutions Holdings, Inc.",1.08,1618934.0,,"stockanalysis.com (백업 소스, 운용사 EOD 데이터 재게시)",2026-07-14T05:18:02+00:00
2026-07-14,SOXX,MU,"Micron Technology, Inc.",8.09,3883864.0,,"stockanalysis.com (백업 소스, 운용사 EOD 데이터 재게시)",2026-07-14T05:18:02+00:00
2026-07-14,SOXX,NVDA,NVIDIA Corporation,7.6,17861352.0,,"stockanalysis.com (백업 소스, 운용사 EOD 데이터 재게시)",2026-07-14T05:18:02+00:00
2026-07-14,SOXX,NXPI,NXP Semiconductors N.V.,3.58,5867776.0,,"stockanalysis.com (백업 소스, 운용사 EOD 데이터 재게시)",2026-07-14T05:18:02+00:00
2026-07-14,SOXX,ON,ON Semiconductor Corporation,1.88,9140306.0,,"stockanalysis.com (백업 소스, 운용사 EOD 데이터 재게시)",2026-07-14T05:18:02+00:00
2026-07-14,SOXX,QCOM,QUALCOMM Incorporated,3.01,7511871.0,,"stockanalysis.com (백업 소스, 운용사 EOD 데이터 재게시)",2026-07-14T05:18:02+00:00
2026-07-14,SOXX,TER,"Teradyne, Inc.",2.78,3649016.0,,"stockanalysis.com (백업 소스, 운용사 EOD 데이터 재게시)",2026-07-14T05:18:02+00:00
2026-07-14,SOXX,TSM,Taiwan Semiconductor Manufacturing Company Limited,4.3,4684285.0,,"stockanalysis.com (백업 소스, 운용사 EOD 데이터 재게시)",2026-07-14T05:18:02+00:00
2026-07-14,SOXX,TXN,Texas Instruments Incorporated,4.0,6168660.0,,"stockanalysis.com (백업 소스, 운용사 EOD 데이터 재게시)",2026-07-14T05:18:02+00:00
2026-07-14,SOXX,UMC,United Microelectronics Corporation,1.02,19607282.0,,"stockanalysis.com (백업 소스, 운용사 EOD 데이터 재게시)",2026-07-14T05:18:02+00:00
2026-07-15,SMH,ADI,"Analog Devices, Inc.",4.28,7957659.0,,"stockanalysis.com (백업 소스, 운용사 EOD 데이터 재게시)",2026-07-15T05:18:53+00:00
2026-07-15,SMH,ALAB,"Astera Labs, Inc.",1.17,2084043.0,,"stockanalysis.com (백업 소스, 운용사 EOD 데이터 재게시)",2026-07-15T05:18:53+00:00
2026-07-15,SMH,AMAT,"Applied Materials, Inc.",5.15,6287058.0,,"stockanalysis.com (백업 소스, 운용사 EOD 데이터 재게시)",2026-07-15T05:18:53+00:00
2026-07-15,SMH,AMD,"Advanced Micro Devices, Inc.",5.82,7674458.0,,"stockanalysis.com (백업 소스, 운용사 EOD 데이터 재게시)",2026-07-15T05:18:53+00:00
2026-07-15,SMH,ARM,Arm Holdings plc,1.14,2597232.0,,"stockanalysis.com (백업 소스, 운용사 EOD 데이터 재게시)",2026-07-15T05:18:53+00:00
2026-07-15,SMH,ASML,ASML Holding N.V.,4.89,2002047.0,,"stockanalysis.com (백업 소스, 운용사 EOD 데이터 재게시)",2026-07-15T05:18:53+00:00
2026-07-15,SMH,AVGO,Broadcom Inc.,6.0,11033880.0,,"stockanalysis.com (백업 소스, 운용사 EOD 데이터 재게시)",2026-07-15T05:18:53+00:00
2026-07-15,SMH,CDNS,"Cadence Design Systems, Inc.",2.36,4527186.0,,"stockanalysis.com (백업 소스, 운용사 EOD 데이터 재게시)",2026-07-15T05:18:53+00:00
2026-07-15,SMH,INTC,Intel Corporation,4.36,29189878.0,,"stockanalysis.com (백업 소스, 운용사 EOD 데이터 재게시)",2026-07-15T05:18:53+00:00
2026-07-15,SMH,KLAC,KLA Corporation,4.6,14628472.0,,"stockanalysis.com (백업 소스, 운용사 EOD 데이터 재게시)",2026-07-15T05:18:53+00:00
2026-07-15,SMH,LRCX,Lam Research Corporation,4.62,9708259.0,,"stockanalysis.com (백업 소스, 운용사 EOD 데이터 재게시)",2026-07-15T05:18:53+00:00
2026-07-15,SMH,MCHP,Microchip Technology Incorporated,0.94,7799124.0,,"stockanalysis.com (백업 소스, 운용사 EOD 데이터 재게시)",2026-07-15T05:18:53+00:00
2026-07-15,SMH,MPWR,"Monolithic Power Systems, Inc.",1.28,696892.0,,"stockanalysis.com (백업 소스, 운용사 EOD 데이터 재게시)",2026-07-15T05:18:53+00:00
2026-07-15,SMH,MRVL,"Marvell Technology, Inc.",3.96,12370778.0,,"stockanalysis.com (백업 소스, 운용사 EOD 데이터 재게시)",2026-07-15T05:18:53+00:00
2026-07-15,SMH,MU,"Micron Technology, Inc.",5.18,3892816.0,,"stockanalysis.com (백업 소스, 운용사 EOD 데이터 재게시)",2026-07-15T05:18:53+00:00
2026-07-15,SMH,NVDA,NVIDIA Corporation,19.86,69292978.0,,"stockanalysis.com (백업 소스, 운용사 EOD 데이터 재게시)",2026-07-15T05:18:53+00:00
2026-07-15,SMH,NXPI,NXP Semiconductors N.V.,1.28,3223120.0,,"stockanalysis.com (백업 소스, 운용사 EOD 데이터 재게시)",2026-07-15T05:18:53+00:00
2026-07-15,SMH,ON,ON Semiconductor Corporation,0.63,4844318.0,,"stockanalysis.com (백업 소스, 운용사 EOD 데이터 재게시)",2026-07-15T05:18:53+00:00
2026-07-15,SMH,QCOM,QUALCOMM Incorporated,4.12,16018675.0,,"stockanalysis.com (백업 소스, 운용사 EOD 데이터 재게시)",2026-07-15T05:18:53+00:00
2026-07-15,SMH,SNPS,"Synopsys, Inc.",1.93,3181706.0,,"stockanalysis.com (백업 소스, 운용사 EOD 데이터 재게시)",2026-07-15T05:18:53+00:00
2026-07-15,SMH,STM,STMicroelectronics N.V.,1.29,13295661.0,,"stockanalysis.com (백업 소스, 운용사 EOD 데이터 재게시)",2026-07-15T05:18:53+00:00
2026-07-15,SMH,SWKS,"Skyworks Solutions, Inc.",0.15,1859166.0,,"stockanalysis.com (백업 소스, 운용사 EOD 데이터 재게시)",2026-07-15T05:18:53+00:00
2026-07-15,SMH,TER,"Teradyne, Inc.",1.19,2442562.0,,"stockanalysis.com (백업 소스, 운용사 EOD 데이터 재게시)",2026-07-15T05:18:53+00:00
2026-07-15,SMH,TSM,Taiwan Semiconductor Manufacturing Company Limited,9.08,15404259.0,,"stockanalysis.com (백업 소스, 운용사 EOD 데이터 재게시)",2026-07-15T05:18:53+00:00
2026-07-15,SMH,TXN,Texas Instruments Incorporated,4.69,11080217.0,,"stockanalysis.com (백업 소스, 운용사 EOD 데이터 재게시)",2026-07-15T05:18:53+00:00
2026-07-15,SOXQ,ADI,"Analog Devices, Inc.",3.8,248305.0,,"stockanalysis.com (백업 소스, 운용사 EOD 데이터 재게시)",2026-07-15T05:18:53+00:00
2026-07-15,SOXQ,ALAB,"Astera Labs, Inc.",2.72,167472.0,,"stockanalysis.com (백업 소스, 운용사 EOD 데이터 재게시)",2026-07-15T05:18:53+00:00
2026-07-15,SOXQ,AMAT,"Applied Materials, Inc.",5.23,228329.0,,"stockanalysis.com (백업 소스, 운용사 EOD 데이터 재게시)",2026-07-15T05:18:53+00:00
2026-07-15,SOXQ,AMD,"Advanced Micro Devices, Inc.",4.23,199109.0,,"stockanalysis.com (백업 소스, 운용사 EOD 데이터 재게시)",2026-07-15T05:18:53+00:00
2026-07-15,SOXQ,ARM,Arm Holdings plc,1.76,138087.0,,"stockanalysis.com (백업 소스, 운용사 EOD 데이터 재게시)",2026-07-15T05:18:53+00:00
2026-07-15,SOXQ,ASML,ASML Holding N.V.,4.47,63710.0,,"stockanalysis.com (백업 소스, 운용사 EOD 데이터 재게시)",2026-07-15T05:18:53+00:00
2026-07-15,SOXQ,AVGO,Broadcom Inc.,8.97,575026.0,,"stockanalysis.com (백업 소스, 운용사 EOD 데이터 재게시)",2026-07-15T05:18:53+00:00
2026-07-15,SOXQ,COHR,Coherent Corp.,2.43,191146.0,,"stockanalysis.com (백업 소스, 운용사 EOD 데이터 재게시)",2026-07-15T05:18:53+00:00
2026-07-15,SOXQ,CRDO,Credo Technology Group Holding Ltd,1.86,180216.0,,"stockanalysis.com (백업 소스, 운용사 EOD 데이터 재게시)",2026-07-15T05:18:53+00:00
2026-07-15,SOXQ,GFS,GLOBALFOUNDRIES Inc.,1.45,536485.0,,"stockanalysis.com (백업 소스, 운용사 EOD 데이터 재게시)",2026-07-15T05:18:53+00:00
2026-07-15,SOXQ,INTC,Intel Corporation,3.92,896070.0,,"stockanalysis.com (백업 소스, 운용사 EOD 데이터 재게시)",2026-07-15T05:18:53+00:00
2026-07-15,SOXQ,KLAC,KLA Corporation,4.77,534740.0,,"stockanalysis.com (백업 소스, 운용사 EOD 데이터 재게시)",2026-07-15T05:18:53+00:00
2026-07-15,SOXQ,LRCX,Lam Research Corporation,4.43,322969.0,,"stockanalysis.com (백업 소스, 운용사 EOD 데이터 재게시)",2026-07-15T05:18:53+00:00
2026-07-15,SOXQ,MCHP,Microchip Technology Incorporated,1.82,529644.0,,"stockanalysis.com (백업 소스, 운용사 EOD 데이터 재게시)",2026-07-15T05:18:53+00:00
2026-07-15,SOXQ,MPWR,"Monolithic Power Systems, Inc.",2.56,48004.0,,"stockanalysis.com (백업 소스, 운용사 EOD 데이터 재게시)",2026-07-15T05:18:53+00:00
2026-07-15,SOXQ,MRVL,"Marvell Technology, Inc.",4.74,501270.0,,"stockanalysis.com (백업 소스, 운용사 EOD 데이터 재게시)",2026-07-15T05:18:53+00:00
2026-07-15,SOXQ,MTSI,"MACOM Technology Solutions Holdings, Inc.",0.92,74548.0,,"stockanalysis.com (백업 소스, 운용사 EOD 데이터 재게시)",2026-07-15T05:18:53+00:00
2026-07-15,SOXQ,MU,"Micron Technology, Inc.",8.16,211659.0,,"stockanalysis.com (백업 소스, 운용사 EOD 데이터 재게시)",2026-07-15T05:18:53+00:00
2026-07-15,SOXQ,NVDA,NVIDIA Corporation,11.51,1460097.0,,"stockanalysis.com (백업 소스, 운용사 EOD 데이터 재게시)",2026-07-15T05:18:53+00:00
2026-07-15,SOXQ,NXPI,NXP Semiconductors N.V.,2.79,246676.0,,"stockanalysis.com (백업 소스, 운용사 EOD 데이터 재게시)",2026-07-15T05:18:53+00:00
2026-07-15,SOXQ,ON,ON Semiconductor Corporation,1.46,382906.0,,"stockanalysis.com (백업 소스, 운용사 EOD 데이터 재게시)",2026-07-15T05:18:53+00:00
2026-07-15,SOXQ,QCOM,QUALCOMM Incorporated,3.04,409370.0,,"stockanalysis.com (백업 소스, 운용사 EOD 데이터 재게시)",2026-07-15T05:18:53+00:00
2026-07-15,SOXQ,TER,"Teradyne, Inc.",2.16,152956.0,,"stockanalysis.com (백업 소스, 운용사 EOD 데이터 재게시)",2026-07-15T05:18:53+00:00
2026-07-15,SOXQ,TSM,Taiwan Semiconductor Manufacturing Company Limited,4.17,245574.0,,"stockanalysis.com (백업 소스, 운용사 EOD 데이터 재게시)",2026-07-15T05:18:53+00:00
2026-07-15,SOXQ,TXN,Texas Instruments Incorporated,4.03,336171.0,,"stockanalysis.com (백업 소스, 운용사 EOD 데이터 재게시)",2026-07-15T05:18:53+00:00
2026-07-15,SOXX,ADI,"Analog Devices, Inc.",3.77,4556398.0,,"stockanalysis.com (백업 소스, 운용사 EOD 데이터 재게시)",2026-07-15T05:18:53+00:00
2026-07-15,SOXX,ALAB,"Astera Labs, Inc.",2.88,3283153.0,,"stockanalysis.com (백업 소스, 운용사 EOD 데이터 재게시)",2026-07-15T05:18:53+00:00
2026-07-15,SOXX,AMAT,"Applied Materials, Inc.",5.18,4189768.0,,"stockanalysis.com (백업 소스, 운용사 EOD 데이터 재게시)",2026-07-15T05:18:53+00:00
2026-07-15,SOXX,AMD,"Advanced Micro Devices, Inc.",8.39,7307222.0,,"stockanalysis.com (백업 소스, 운용사 EOD 데이터 재게시)",2026-07-15T05:18:53+00:00
2026-07-15,SOXX,ASML,ASML Holding N.V.,2.3,607687.0,,"stockanalysis.com (백업 소스, 운용사 EOD 데이터 재게시)",2026-07-15T05:18:53+00:00
2026-07-15,SOXX,ASX,"ASE Technology Holding Co., Ltd.",1.28,14143084.0,,"stockanalysis.com (백업 소스, 운용사 EOD 데이터 재게시)",2026-07-15T05:18:53+00:00
2026-07-15,SOXX,AVGO,Broadcom Inc.,7.11,8441104.0,,"stockanalysis.com (백업 소스, 운용사 EOD 데이터 재게시)",2026-07-15T05:18:53+00:00
2026-07-15,SOXX,CRDO,Credo Technology Group Holding Ltd,2.16,3880605.0,,"stockanalysis.com (백업 소스, 운용사 EOD 데이터 재게시)",2026-07-15T05:18:53+00:00
2026-07-15,SOXX,ENTG,"Entegris, Inc.",1.09,3556180.0,,"stockanalysis.com (백업 소스, 운용사 EOD 데이터 재게시)",2026-07-15T05:18:53+00:00
2026-07-15,SOXX,INTC,Intel Corporation,5.62,23787443.0,,"stockanalysis.com (백업 소스, 운용사 EOD 데이터 재게시)",2026-07-15T05:18:53+00:00
2026-07-15,SOXX,KLAC,KLA Corporation,4.73,9812167.0,,"stockanalysis.com (백업 소스, 운용사 EOD 데이터 재게시)",2026-07-15T05:18:53+00:00
2026-07-15,SOXX,LRCX,Lam Research Corporation,4.39,5926297.0,,"stockanalysis.com (백업 소스, 운용사 EOD 데이터 재게시)",2026-07-15T05:18:53+00:00
2026-07-15,SOXX,MCHP,Microchip Technology Incorporated,2.31,12468787.0,,"stockanalysis.com (백업 소스, 운용사 EOD 데이터 재게시)",2026-07-15T05:18:53+00:00
2026-07-15,SOXX,MPWR,"Monolithic Power Systems, Inc.",3.21,1111499.0,,"stockanalysis.com (백업 소스, 운용사 EOD 데이터 재게시)",2026-07-15T05:18:53+00:00
2026-07-15,SOXX,MRVL,"Marvell Technology, Inc.",4.7,9198314.0,,"stockanalysis.com (백업 소스, 운용사 EOD 데이터 재게시)",2026-07-15T05:18:53+00:00
2026-07-15,SOXX,MTSI,"MACOM Technology Solutions Holdings, Inc.",1.08,1618934.0,,"stockanalysis.com (백업 소스, 운용사 EOD 데이터 재게시)",2026-07-15T05:18:53+00:00
2026-07-15,SOXX,MU,"Micron Technology, Inc.",8.09,3883864.0,,"stockanalysis.com (백업 소스, 운용사 EOD 데이터 재게시)",2026-07-15T05:18:53+00:00
2026-07-15,SOXX,NVDA,NVIDIA Corporation,7.6,17861352.0,,"stockanalysis.com (백업 소스, 운용사 EOD 데이터 재게시)",2026-07-15T05:18:53+00:00
2026-07-15,SOXX,NXPI,NXP Semiconductors N.V.,3.58,5867776.0,,"stockanalysis.com (백업 소스, 운용사 EOD 데이터 재게시)",2026-07-15T05:18:53+00:00
2026-07-15,SOXX,ON,ON Semiconductor Corporation,1.88,9140306.0,,"stockanalysis.com (백업 소스, 운용사 EOD 데이터 재게시)",2026-07-15T05:18:53+00:00
2026-07-15,SOXX,QCOM,QUALCOMM Incorporated,3.01,7511871.0,,"stockanalysis.com (백업 소스, 운용사 EOD 데이터 재게시)",2026-07-15T05:18:53+00:00
2026-07-15,SOXX,TER,"Teradyne, Inc.",2.78,3649016.0,,"stockanalysis.com (백업 소스, 운용사 EOD 데이터 재게시)",2026-07-15T05:18:53+00:00
2026-07-15,SOXX,TSM,Taiwan Semiconductor Manufacturing Company Limited,4.3,4684285.0,,"stockanalysis.com (백업 소스, 운용사 EOD 데이터 재게시)",2026-07-15T05:18:53+00:00
2026-07-15,SOXX,TXN,Texas Instruments Incorporated,4.0,6168660.0,,"stockanalysis.com (백업 소스, 운용사 EOD 데이터 재게시)",2026-07-15T05:18:53+00:00
2026-07-15,SOXX,UMC,United Microelectronics Corporation,1.02,19607282.0,,"stockanalysis.com (백업 소스, 운용사 EOD 데이터 재게시)",2026-07-15T05:18:53+00:00
2026-07-16,SMH,ADI,"Analog Devices, Inc.",4.28,7957659.0,,"stockanalysis.com (백업 소스, 운용사 EOD 데이터 재게시)",2026-07-16T05:28:51+00:00
2026-07-16,SMH,ALAB,"Astera Labs, Inc.",1.17,2084043.0,,"stockanalysis.com (백업 소스, 운용사 EOD 데이터 재게시)",2026-07-16T05:28:51+00:00
2026-07-16,SMH,AMAT,"Applied Materials, Inc.",5.15,6287058.0,,"stockanalysis.com (백업 소스, 운용사 EOD 데이터 재게시)",2026-07-16T05:28:51+00:00
2026-07-16,SMH,AMD,"Advanced Micro Devices, Inc.",5.82,7674458.0,,"stockanalysis.com (백업 소스, 운용사 EOD 데이터 재게시)",2026-07-16T05:28:51+00:00
2026-07-16,SMH,ARM,Arm Holdings plc,1.14,2597232.0,,"stockanalysis.com (백업 소스, 운용사 EOD 데이터 재게시)",2026-07-16T05:28:51+00:00
2026-07-16,SMH,ASML,ASML Holding N.V.,4.89,2002047.0,,"stockanalysis.com (백업 소스, 운용사 EOD 데이터 재게시)",2026-07-16T05:28:51+00:00
2026-07-16,SMH,AVGO,Broadcom Inc.,6.0,11033880.0,,"stockanalysis.com (백업 소스, 운용사 EOD 데이터 재게시)",2026-07-16T05:28:51+00:00
2026-07-16,SMH,CDNS,"Cadence Design Systems, Inc.",2.36,4527186.0,,"stockanalysis.com (백업 소스, 운용사 EOD 데이터 재게시)",2026-07-16T05:28:51+00:00
2026-07-16,SMH,INTC,Intel Corporation,4.36,29189878.0,,"stockanalysis.com (백업 소스, 운용사 EOD 데이터 재게시)",2026-07-16T05:28:51+00:00
2026-07-16,SMH,KLAC,KLA Corporation,4.6,14628472.0,,"stockanalysis.com (백업 소스, 운용사 EOD 데이터 재게시)",2026-07-16T05:28:51+00:00
2026-07-16,SMH,LRCX,Lam Research Corporation,4.62,9708259.0,,"stockanalysis.com (백업 소스, 운용사 EOD 데이터 재게시)",2026-07-16T05:28:51+00:00
2026-07-16,SMH,MCHP,Microchip Technology Incorporated,0.94,7799124.0,,"stockanalysis.com (백업 소스, 운용사 EOD 데이터 재게시)",2026-07-16T05:28:51+00:00
2026-07-16,SMH,MPWR,"Monolithic Power Systems, Inc.",1.28,696892.0,,"stockanalysis.com (백업 소스, 운용사 EOD 데이터 재게시)",2026-07-16T05:28:51+00:00
2026-07-16,SMH,MRVL,"Marvell Technology, Inc.",3.96,12370778.0,,"stockanalysis.com (백업 소스, 운용사 EOD 데이터 재게시)",2026-07-16T05:28:51+00:00
2026-07-16,SMH,MU,"Micron Technology, Inc.",5.18,3892816.0,,"stockanalysis.com (백업 소스, 운용사 EOD 데이터 재게시)",2026-07-16T05:28:51+00:00
2026-07-16,SMH,NVDA,NVIDIA Corporation,19.86,69292978.0,,"stockanalysis.com (백업 소스, 운용사 EOD 데이터 재게시)",2026-07-16T05:28:51+00:00
2026-07-16,SMH,NXPI,NXP Semiconductors N.V.,1.28,3223120.0,,"stockanalysis.com (백업 소스, 운용사 EOD 데이터 재게시)",2026-07-16T05:28:51+00:00
2026-07-16,SMH,ON,ON Semiconductor Corporation,0.63,4844318.0,,"stockanalysis.com (백업 소스, 운용사 EOD 데이터 재게시)",2026-07-16T05:28:51+00:00
2026-07-16,SMH,QCOM,QUALCOMM Incorporated,4.12,16018675.0,,"stockanalysis.com (백업 소스, 운용사 EOD 데이터 재게시)",2026-07-16T05:28:51+00:00
2026-07-16,SMH,SNPS,"Synopsys, Inc.",1.93,3181706.0,,"stockanalysis.com (백업 소스, 운용사 EOD 데이터 재게시)",2026-07-16T05:28:51+00:00
2026-07-16,SMH,STM,STMicroelectronics N.V.,1.29,13295661.0,,"stockanalysis.com (백업 소스, 운용사 EOD 데이터 재게시)",2026-07-16T05:28:51+00:00
2026-07-16,SMH,SWKS,"Skyworks Solutions, Inc.",0.15,1859166.0,,"stockanalysis.com (백업 소스, 운용사 EOD 데이터 재게시)",2026-07-16T05:28:51+00:00
2026-07-16,SMH,TER,"Teradyne, Inc.",1.19,2442562.0,,"stockanalysis.com (백업 소스, 운용사 EOD 데이터 재게시)",2026-07-16T05:28:51+00:00
2026-07-16,SMH,TSM,Taiwan Semiconductor Manufacturing Company Limited,9.08,15404259.0,,"stockanalysis.com (백업 소스, 운용사 EOD 데이터 재게시)",2026-07-16T05:28:51+00:00
2026-07-16,SMH,TXN,Texas Instruments Incorporated,4.69,11080217.0,,"stockanalysis.com (백업 소스, 운용사 EOD 데이터 재게시)",2026-07-16T05:28:51+00:00
2026-07-16,SOXQ,ADI,"Analog Devices, Inc.",3.8,248305.0,,"stockanalysis.com (백업 소스, 운용사 EOD 데이터 재게시)",2026-07-16T05:28:51+00:00
2026-07-16,SOXQ,ALAB,"Astera Labs, Inc.",2.72,167472.0,,"stockanalysis.com (백업 소스, 운용사 EOD 데이터 재게시)",2026-07-16T05:28:51+00:00
2026-07-16,SOXQ,AMAT,"Applied Materials, Inc.",5.23,228329.0,,"stockanalysis.com (백업 소스, 운용사 EOD 데이터 재게시)",2026-07-16T05:28:51+00:00
2026-07-16,SOXQ,AMD,"Advanced Micro Devices, Inc.",4.23,199109.0,,"stockanalysis.com (백업 소스, 운용사 EOD 데이터 재게시)",2026-07-16T05:28:51+00:00
2026-07-16,SOXQ,ARM,Arm Holdings plc,1.76,138087.0,,"stockanalysis.com (백업 소스, 운용사 EOD 데이터 재게시)",2026-07-16T05:28:51+00:00
2026-07-16,SOXQ,ASML,ASML Holding N.V.,4.47,63710.0,,"stockanalysis.com (백업 소스, 운용사 EOD 데이터 재게시)",2026-07-16T05:28:51+00:00
2026-07-16,SOXQ,AVGO,Broadcom Inc.,8.97,575026.0,,"stockanalysis.com (백업 소스, 운용사 EOD 데이터 재게시)",2026-07-16T05:28:51+00:00
2026-07-16,SOXQ,COHR,Coherent Corp.,2.43,191146.0,,"stockanalysis.com (백업 소스, 운용사 EOD 데이터 재게시)",2026-07-16T05:28:51+00:00
2026-07-16,SOXQ,CRDO,Credo Technology Group Holding Ltd,1.86,180216.0,,"stockanalysis.com (백업 소스, 운용사 EOD 데이터 재게시)",2026-07-16T05:28:51+00:00
2026-07-16,SOXQ,GFS,GLOBALFOUNDRIES Inc.,1.45,536485.0,,"stockanalysis.com (백업 소스, 운용사 EOD 데이터 재게시)",2026-07-16T05:28:51+00:00
2026-07-16,SOXQ,INTC,Intel Corporation,3.92,896070.0,,"stockanalysis.com (백업 소스, 운용사 EOD 데이터 재게시)",2026-07-16T05:28:51+00:00
2026-07-16,SOXQ,KLAC,KLA Corporation,4.77,534740.0,,"stockanalysis.com (백업 소스, 운용사 EOD 데이터 재게시)",2026-07-16T05:28:51+00:00
2026-07-16,SOXQ,LRCX,Lam Research Corporation,4.43,322969.0,,"stockanalysis.com (백업 소스, 운용사 EOD 데이터 재게시)",2026-07-16T05:28:51+00:00
2026-07-16,SOXQ,MCHP,Microchip Technology Incorporated,1.82,529644.0,,"stockanalysis.com (백업 소스, 운용사 EOD 데이터 재게시)",2026-07-16T05:28:51+00:00
2026-07-16,SOXQ,MPWR,"Monolithic Power Systems, Inc.",2.56,48004.0,,"stockanalysis.com (백업 소스, 운용사 EOD 데이터 재게시)",2026-07-16T05:28:51+00:00
2026-07-16,SOXQ,MRVL,"Marvell Technology, Inc.",4.74,501270.0,,"stockanalysis.com (백업 소스, 운용사 EOD 데이터 재게시)",2026-07-16T05:28:51+00:00
2026-07-16,SOXQ,MTSI,"MACOM Technology Solutions Holdings, Inc.",0.92,74548.0,,"stockanalysis.com (백업 소스, 운용사 EOD 데이터 재게시)",2026-07-16T05:28:51+00:00
2026-07-16,SOXQ,MU,"Micron Technology, Inc.",8.16,211659.0,,"stockanalysis.com (백업 소스, 운용사 EOD 데이터 재게시)",2026-07-16T05:28:51+00:00
2026-07-16,SOXQ,NVDA,NVIDIA Corporation,11.51,1460097.0,,"stockanalysis.com (백업 소스, 운용사 EOD 데이터 재게시)",2026-07-16T05:28:51+00:00
2026-07-16,SOXQ,NXPI,NXP Semiconductors N.V.,2.79,246676.0,,"stockanalysis.com (백업 소스, 운용사 EOD 데이터 재게시)",2026-07-16T05:28:51+00:00
2026-07-16,SOXQ,ON,ON Semiconductor Corporation,1.46,382906.0,,"stockanalysis.com (백업 소스, 운용사 EOD 데이터 재게시)",2026-07-16T05:28:51+00:00
2026-07-16,SOXQ,QCOM,QUALCOMM Incorporated,3.04,409370.0,,"stockanalysis.com (백업 소스, 운용사 EOD 데이터 재게시)",2026-07-16T05:28:51+00:00
2026-07-16,SOXQ,TER,"Teradyne, Inc.",2.16,152956.0,,"stockanalysis.com (백업 소스, 운용사 EOD 데이터 재게시)",2026-07-16T05:28:51+00:00
2026-07-16,SOXQ,TSM,Taiwan Semiconductor Manufacturing Company Limited,4.17,245574.0,,"stockanalysis.com (백업 소스, 운용사 EOD 데이터 재게시)",2026-07-16T05:28:51+00:00
2026-07-16,SOXQ,TXN,Texas Instruments Incorporated,4.03,336171.0,,"stockanalysis.com (백업 소스, 운용사 EOD 데이터 재게시)",2026-07-16T05:28:51+00:00
2026-07-16,SOXX,ADI,"Analog Devices, Inc.",3.77,4556398.0,,"stockanalysis.com (백업 소스, 운용사 EOD 데이터 재게시)",2026-07-16T05:28:51+00:00
2026-07-16,SOXX,ALAB,"Astera Labs, Inc.",2.88,3283153.0,,"stockanalysis.com (백업 소스, 운용사 EOD 데이터 재게시)",2026-07-16T05:28:51+00:00
2026-07-16,SOXX,AMAT,"Applied Materials, Inc.",5.18,4189768.0,,"stockanalysis.com (백업 소스, 운용사 EOD 데이터 재게시)",2026-07-16T05:28:51+00:00
2026-07-16,SOXX,AMD,"Advanced Micro Devices, Inc.",8.39,7307222.0,,"stockanalysis.com (백업 소스, 운용사 EOD 데이터 재게시)",2026-07-16T05:28:51+00:00
2026-07-16,SOXX,ASML,ASML Holding N.V.,2.3,607687.0,,"stockanalysis.com (백업 소스, 운용사 EOD 데이터 재게시)",2026-07-16T05:28:51+00:00
2026-07-16,SOXX,ASX,"ASE Technology Holding Co., Ltd.",1.28,14143084.0,,"stockanalysis.com (백업 소스, 운용사 EOD 데이터 재게시)",2026-07-16T05:28:51+00:00
2026-07-16,SOXX,AVGO,Broadcom Inc.,7.11,8441104.0,,"stockanalysis.com (백업 소스, 운용사 EOD 데이터 재게시)",2026-07-16T05:28:51+00:00
2026-07-16,SOXX,CRDO,Credo Technology Group Holding Ltd,2.16,3880605.0,,"stockanalysis.com (백업 소스, 운용사 EOD 데이터 재게시)",2026-07-16T05:28:51+00:00
2026-07-16,SOXX,ENTG,"Entegris, Inc.",1.09,3556180.0,,"stockanalysis.com (백업 소스, 운용사 EOD 데이터 재게시)",2026-07-16T05:28:51+00:00
2026-07-16,SOXX,INTC,Intel Corporation,5.62,23787443.0,,"stockanalysis.com (백업 소스, 운용사 EOD 데이터 재게시)",2026-07-16T05:28:51+00:00
2026-07-16,SOXX,KLAC,KLA Corporation,4.73,9812167.0,,"stockanalysis.com (백업 소스, 운용사 EOD 데이터 재게시)",2026-07-16T05:28:51+00:00
2026-07-16,SOXX,LRCX,Lam Research Corporation,4.39,5926297.0,,"stockanalysis.com (백업 소스, 운용사 EOD 데이터 재게시)",2026-07-16T05:28:51+00:00
2026-07-16,SOXX,MCHP,Microchip Technology Incorporated,2.31,12468787.0,,"stockanalysis.com (백업 소스, 운용사 EOD 데이터 재게시)",2026-07-16T05:28:51+00:00
2026-07-16,SOXX,MPWR,"Monolithic Power Systems, Inc.",3.21,1111499.0,,"stockanalysis.com (백업 소스, 운용사 EOD 데이터 재게시)",2026-07-16T05:28:51+00:00
2026-07-16,SOXX,MRVL,"Marvell Technology, Inc.",4.7,9198314.0,,"stockanalysis.com (백업 소스, 운용사 EOD 데이터 재게시)",2026-07-16T05:28:51+00:00
2026-07-16,SOXX,MTSI,"MACOM Technology Solutions Holdings, Inc.",1.08,1618934.0,,"stockanalysis.com (백업 소스, 운용사 EOD 데이터 재게시)",2026-07-16T05:28:51+00:00
2026-07-16,SOXX,MU,"Micron Technology, Inc.",8.09,3883864.0,,"stockanalysis.com (백업 소스, 운용사 EOD 데이터 재게시)",2026-07-16T05:28:51+00:00
2026-07-16,SOXX,NVDA,NVIDIA Corporation,7.6,17861352.0,,"stockanalysis.com (백업 소스, 운용사 EOD 데이터 재게시)",2026-07-16T05:28:51+00:00
2026-07-16,SOXX,NXPI,NXP Semiconductors N.V.,3.58,5867776.0,,"stockanalysis.com (백업 소스, 운용사 EOD 데이터 재게시)",2026-07-16T05:28:51+00:00
2026-07-16,SOXX,ON,ON Semiconductor Corporation,1.88,9140306.0,,"stockanalysis.com (백업 소스, 운용사 EOD 데이터 재게시)",2026-07-16T05:28:51+00:00
2026-07-16,SOXX,QCOM,QUALCOMM Incorporated,3.01,7511871.0,,"stockanalysis.com (백업 소스, 운용사 EOD 데이터 재게시)",2026-07-16T05:28:51+00:00
2026-07-16,SOXX,TER,"Teradyne, Inc.",2.78,3649016.0,,"stockanalysis.com (백업 소스, 운용사 EOD 데이터 재게시)",2026-07-16T05:28:51+00:00
2026-07-16,SOXX,TSM,Taiwan Semiconductor Manufacturing Company Limited,4.3,4684285.0,,"stockanalysis.com (백업 소스, 운용사 EOD 데이터 재게시)",2026-07-16T05:28:51+00:00
2026-07-16,SOXX,TXN,Texas Instruments Incorporated,4.0,6168660.0,,"stockanalysis.com (백업 소스, 운용사 EOD 데이터 재게시)",2026-07-16T05:28:51+00:00
2026-07-16,SOXX,UMC,United Microelectronics Corporation,1.02,19607282.0,,"stockanalysis.com (백업 소스, 운용사 EOD 데이터 재게시)",2026-07-16T05:28:51+00:00
